1736Y-1338400000,NBH-A19-SW-2SE-Gi1/0/5
1736Y-1338700000,NBH-A19-SW-2SE-Gi2/0/2
1736Y-1338800000,NBH-A19-SW-2SE-Gi1/0/1
1736Y-1338900000,NBH-A09-SW-GSW-Gi1/0/9
1736Y-1339000000,NBH-A18-SW-2NW-Gi1/0/2
1736Y-1339100000,NBH-A19-SW-2SE-Gi1/0/3
1736Y-1339200000,NBH-A19-SW-2SE-Gi2/0/3
1736Y-1339300000,NBH-A19-SW-2SE-Gi4/0/4
1736Y-1339400000,NBH-A09-SW-GSW-Gi2/0/10
1736Y-1339500000,NBH-A08-SW-GSE-Gi2/0/17
1736Y-1339600000,NBH-A09-SW-GSW-Gi1/0/11
1736Y-1339700000,NBH-A09-SW-GSW-Gi5/0/47
1736Y-1339800000,NBH-A37-SW-7NE-Gi1/0/20
1736Y-1339900000,NBH-A37-SW-7NE-Gi1/0/19
1736Y-1340000000,NBH-A09-SW-GSW-Gi3/0/12
1736Y-1340100000,NBH-A09-SW-GSW-Gi2/0/9
1736Y-1340200000,NBH-A20-SW-2SW-Gi4/0/5
1736Y-1340300000,NBH-A04-SW-BNW-Gi1/0/3
1736Y-1340400000,NBH-A25-SW-4NE-Gi1/0/6
1736Y-1340500000,NBH-A05-SW-GNE-Gi3/0/4
1736Y-1340600000,NBH-A08-SW-GSE-Gi3/0/16
1736Y-1340700000,NBH-A05-SW-GNE-Gi2/0/5
1736Y-1340800000,NBH-A20-SW-2SW-Gi1/0/4
1736Y-1340900000,NBH-A24-SW-3SW-Gi1/0/4
1736Y-1341000000,NBH-A32-SW-5SW-Gi1/0/3
1736Y-1341100000,NBH-A37-SW-7NE-Gi1/0/3
1736Y-1341200000,NBH-A08-SW-GSE-Gi4/0/17
1736Y-1341300000,NBH-A38-SW-7NW-Gi1/0/8
1736Y-1341400000,NBH-A31-SW-5SE-Gi3/0/4
1736Y-1341500000,NBH-A09-SW-GSW-Gi5/0/10
1736Y-1341600000,NBH-A09-SW-GSW-Gi1/0/1
1736Y-1341700000,NBH-A32-SW-5SW-Gi3/0/3
1736Y-1341800000,NBH-A16-SW-1SW-Gi4/0/1
1736Y-1341900000,NBH-A23-SW-3SE-Gi3/0/2
1736Y-1342000000,NBH-A24-SW-3SW-Gi1/0/7
1736Y-1342100000,NBH-A05-SW-GNE-Gi3/0/6
1736Y-1342200000,NBH-A32-SW-5SW-Gi2/0/3
1736Y-1342300000,NBH-A20-SW-2SW-Gi5/0/5
1736Y-1342400000,NBH-A38-SW-7NW-Gi1/0/7
1736Y-1342500000,NBH-A18-SW-2NW-Gi2/0/3
1736Y-1342600000,NBH-A18-SW-2NW-Gi2/0/1
1736Y-1342700000,NBH-A08-SW-GSE-Gi3/0/17
1736Y-1342800000,NBH-A17-SW-2NE-Gi1/0/2
1736Y-1342900000,NBH-A09-SW-GSW-Gi3/0/9
1736Y-1343000000,NBH-A19-SW-2SE-Gi3/0/2
1736Y-1343100000,NBH-A26-SW-4NW-Gi3/0/4
1736Y-1343200000,NBH-A26-SW-4NW-Gi3/0/3
1736Y-1343300000,NBH-A05-SW-GNE-Gi2/0/6
1736Y-1343400000,NBH-A33-SW-6NE-Gi1/0/5
1736Y-1343500000,NBH-A26-SW-4NW-Gi1/0/4
1736Y-1343600000,NBH-A33-SW-6NE-Gi1/0/8
1736Y-1343700000,NBH-A26-SW-4NW-Gi2/0/4
1736Y-1343800000,NBH-A10-SW-1NE-Gi1/0/7
1736Y-1343900000,NBH-A26-SW-4NW-Gi3/0/1
1736Y-1344000000,NBH-A04-SW-BNW-Gi1/0/5
1736Y-1344100000,NBH-A10-SW-1NE-Gi2/0/9
1736Y-1344200000,NBH-A26-SW-4NW-Gi2/0/5
1736Y-1344300000,NBH-A26-SW-4NW-Gi3/0/5
1736Y-1344400000,NBH-A34-SW-6NW-Gi2/0/11
1736Y-1344500000,NBH-A26-SW-4NW-Gi2/0/2
1736Y-1344600000,NBH-A16-SW-1SW-Gi2/0/1
1736Y-1344700000,NBH-A05-SW-GNE-Gi1/0/2
1736Y-1344800000,NBH-A32-SW-5SW-Gi1/0/2
1736Y-1344900000,NBH-A16-SW-1SW-Gi3/0/2
1736Y-1345000000,NBH-A10-SW-1NE-Gi2/0/8
1736Y-1345100000,NBH-A32-SW-5SW-Gi3/0/1
1736Y-1345200000,NBH-A31-SW-5SE-Gi1/0/6
1736Y-1345300000,NBH-A31-SW-5SE-Gi3/0/3
1736Y-1345400000,NBH-A31-SW-5SE-Gi1/0/3
1736Y-1345500000,NBH-A24-SW-3SW-Gi2/0/3
1736Y-1345600000,NBH-A24-SW-3SW-Gi1/0/8
1736Y-1345700000,NBH-A26-SW-4NW-Gi1/0/3
1736Y-1345800000,NBH-A03-SW-BNE-Gi3/0/3
1736Y-1345900000,NBH-A05-SW-GNE-Gi2/0/1
1736Y-1346000000,NBH-A31-SW-5SE-Gi3/0/1
1736Y-1346100000,NBH-A05-SW-GNE-Gi4/0/1
1736Y-1346200000,NBH-A10-SW-1NE-Gi2/0/2
1736Y-1346300000,NBH-A30-SW-5NW-Gi1/0/7
1736Y-1346400000,NBH-A34-SW-6NW-Gi2/0/12
1736Y-1346500000,NBH-A10-SW-1NE-Gi1/0/9
1736Y-1346600000,NBH-A12-SW-1NW-Gi5/0/2
1736Y-1346700000,NBH-A03-SW-BNE-Gi3/0/7
1736Y-1346800000,NBH-A24-SW-3SW-Gi2/0/8
1736Y-1346900000,NBH-A24-SW-3SW-Gi1/0/5
1736Y-1347000000,NBH-A03-SW-BNE-Gi3/0/4
1736Y-1347100000,NBH-A26-SW-4NW-Gi1/0/6
1736Y-1347200000,NBH-A34-SW-6NW-Gi1/0/13
1736Y-1347300000,NBH-A12-SW-1NW-Gi2/0/5
1736Y-1347400000,NBH-A05-SW-GNE-Gi2/0/3
1736Y-1347500000,NBH-A12-SW-1NW-Gi3/0/5
1736Y-1347600000,NBH-A25-SW-4NE-Gi1/0/2
1736Y-1347700000,NBH-A26-SW-4NW-Gi1/0/2
00000,
1736Y-1347900000,NBH-A26-SW-4NW-Gi2/0/3
1736Y-1348000000,NBH-A24-SW-3SW-Gi1/0/6
1736Y-1348100000,NBH-A08-SW-GSE-Gi3/0/13
1736Y-1348200000,NBH-A27-SW-4SE-Gi4/0/1
1736Y-1348300000,NBH-A32-SW-5SW-Gi3/0/2
1736Y-1348400000,NBH-A37-SW-7NE-Gi1/0/41
1736Y-1348500000,NBH-A07-SW-GNW-Gi1/0/1
1736Y-1348600000,NBH-A10-SW-1NE-Gi4/0/7
1736Y-1348700000,NBH-A26-SW-4NW-Gi1/0/1
1736Y-1348800000,NBH-A16-SW-1SW-Gi3/0/3
1736Y-1348900000,NBH-A10-SW-1NE-Gi4/0/6
1736Y-1349000000,NBH-A07-SW-GNW-Gi5/0/4
1736Y-1349100000,NBH-A22-SW-3NW-Gi1/0/19
1736Y-1349200000,NBH-A07-SW-GNW-Gi3/0/2
1736Y-1349300000,NBH-A34-SW-6NW-Gi2/0/4
1736Y-1349400000,NBH-A22-SW-3NW-Gi2/0/10
1736Y-1349500000,NBH-A03-SW-BNE-Gi1/0/38
1736Y-1349600000,NBH-A07-SW-GNW-Gi1/0/5
1736Y-1349700000,NBH-A09-SW-GSW-Gi4/0/2
1736Y-1349800000,NBH-A36-SW-6SW-Gi1/0/1
1736Y-1349900000,NBH-A19-SW-2SE-Gi1/0/4
1736Y-1350000000,NBH-A03-SW-BNE-Gi2/0/2
1736Y-1350100000,NBH-A05-SW-GNE-Gi4/0/6
1736Y-1350200000,NBH-A04-SW-BNW-Gi1/0/2
1736Y-1350300000,NBH-A09-SW-GSW-Gi5/0/2
1736Y-1350400000,NBH-A03-SW-BNE-Gi2/0/1
1736Y-1350500000,NBH-A27-SW-4SE-Gi1/0/4
1736Y-1350600000,NBH-A14-SW-1SE-Gi3/0/1
1736Y-1350700000,NBH-A38-SW-7NW-Gi1/0/18
1736Y-1350800000,NBH-A07-SW-GNW-Gi2/0/2
1736Y-1350900000,NBH-A34-SW-6NW-Gi1/0/12
1736Y-1351000000,NBH-A03-SW-BNE-Gi1/0/47
1736Y-1351100000,NBH-A04-SW-BNW-Gi2/0/4
1736Y-1351200000,NBH-A07-SW-GNW-Gi1/0/3
1736Y-1351300000,NBH-A05-SW-GNE-Gi1/0/7
1736Y-1351400000,NBH-A23-SW-3SE-Gi3/0/1
1736Y-1351500000,NBH-A37-SW-7NE-Gi1/0/15
1736Y-1351600000,NBH-A34-SW-6NW-Gi1/0/4
1736Y-1351700000,NBH-A27-SW-4SE-Gi2/0/2
1736Y-1351800000,NBH-A29-SW-5NE-Gi3/0/1
1736Y-1351900000,NBH-A38-SW-7NW-Gi1/0/13
1736Y-1352000000,NBH-A28-SW-4SW-Gi3/0/2
1736Y-1352100000,NBH-A28-SW-4SW-Gi1/0/2
1736Y-1352200000,NBH-A30-SW-5NW-Gi3/0/7
1736Y-1352300000,NBH-A04-SW-BNW-Gi1/0/6
1736Y-1352400000,NBH-A34-SW-6NW-Gi2/0/9
1736Y-1352500000,NBH-A30-SW-5NW-Gi3/0/6
1736Y-1352600000,NBH-A29-SW-5NE-Gi1/0/2
1736Y-1352700000,NBH-A29-SW-5NE-Gi1/0/1
1736Y-1352800000,NBH-A29-SW-5NE-Gi2/0/1
1736Y-1352900000,NBH-A28-SW-4SW-Gi2/0/2
1736Y-1353000000,NBH-A19-SW-2SE-Gi2/0/1
1736Y-1353100000,NBH-A25-SW-4NE-Gi3/0/3
1736Y-1353200000,NBH-A29-SW-5NE-Gi3/0/3
1736Y-1353300000,NBH-A30-SW-5NW-Gi1/0/6
1736Y-1353400000,NBH-A25-SW-4NE-Gi3/0/4
1736Y-1353500000,NBH-A05-SW-GNE-Gi4/0/4
1736Y-1353600000,NBH-A19-SW-2SE-Gi3/0/5
1736Y-1353700000,NBH-A25-SW-4NE-Gi4/0/3
1736Y-1353800000,NBH-A25-SW-4NE-Gi4/0/4
1736Y-1353900000,NBH-A33-SW-6NE-Gi1/0/14
1736Y-1354000000,NBH-A25-SW-4NE-Gi2/0/5
1736Y-1354100000,NBH-A25-SW-4NE-Gi4/0/2
1736Y-1354200000,NBH-A19-SW-2SE-Gi2/0/5
1736Y-1354300000,NBH-A25-SW-4NE-Gi1/0/4
1736Y-1354400000,NBH-A20-SW-2SW-Gi3/0/4
1736Y-1354500000,NBH-A25-SW-4NE-Gi2/0/4
1736Y-1354600000,NBH-A19-SW-2SE-Gi3/0/3
1736Y-1354700000,NBH-A25-SW-4NE-Gi2/0/3
1736Y-1354800000,NBH-A19-SW-2SE-Gi3/0/1
1736Y-1354900000,NBH-A18-SW-2NW-Gi1/0/3
1736Y-1355000000,NBH-A19-SW-2SE-Gi4/0/1
1736Y-1355100000,NBH-A38-SW-7NW-Gi1/0/6
1736Y-1355200000,NBH-A26-SW-4NW-Gi1/0/5
1736Y-1355300000,NBH-A08-SW-GSE-Gi1/0/17
1736Y-1355400000,NBH-A18-SW-2NW-Gi3/0/1
1736Y-1355500000,NBH-A03-SW-BNE-Gi1/0/5
1736Y-1355600000,NBH-A37-SW-7NE-Gi1/0/6
1736Y-1355700000,NBH-A37-SW-7NE-Gi1/0/18
1736Y-1355800000,NBH-A18-SW-2NW-Gi3/0/4
1736Y-1355900000,NBH-A08-SW-GSE-Gi3/0/3
1736Y-1356000000,NBH-A03-SW-BNE-Gi2/0/9
1736Y-1356100000,NBH-A29-SW-5NE-Gi3/0/7
1736Y-1356200000,NBH-A10-SW-1NE-Gi3/0/7
1736Y-1356300000,NBH-A18-SW-2NW-Gi3/0/2
1736Y-1356400000,NBH-A18-SW-2NW-Gi1/0/1
00000,
1736Y-1356600000,NBH-A18-SW-2NW-Gi4/0/1
1736Y-1356700000,NBH-A08-SW-GSE-Gi2/0/3
1736Y-1356800000,NBH-A39-SW-6E-Gi3/0/5
1736Y-1357000000,NBH-A30-SW-5NW-Gi1/0/2
1736Y-1357100000,NBH-A08-SW-GSE-Gi2/0/20
1736Y-1357200000,NBH-A03-SW-BNE-Gi2/0/7
1736Y-1357300000,NBH-A08-SW-GSE-Gi1/0/4
1736Y-1357400000,NBH-A39-SW-6E-Gi1/0/7
1736Y-1357500000,NBH-A30-SW-5NW-Gi1/0/3
1736Y-1357600000,NBH-A37-SW-7NE-Gi1/0/21
1736Y-1357700000,NBH-A08-SW-GSE-Gi3/0/2
1736Y-1357800000,NBH-A10-SW-1NE-Gi4/0/9
1736Y-1358000000,NBH-A08-SW-GSE-Gi4/0/3
1736Y-1358100000,NBH-A16-SW-1SW-Gi1/0/2
1736Y-1358200000,NBH-A08-SW-GSE-Gi3/0/18
1736Y-1358300000,NBH-A16-SW-1SW-Gi2/0/4
1736Y-1358400000,NBH-A32-SW-5SW-Gi2/0/5
1736Y-1358500000,NBH-A29-SW-5NE-Gi1/0/9
1736Y-1358600000,NBH-A08-SW-GSE-Gi4/0/2
1736Y-1358700000,NBH-A32-SW-5SW-Gi3/0/6
1736Y-1358800000,NBH-A16-SW-1SW-Gi3/0/4
1736Y-1358900000,NBH-A14-SW-1SE-Gi4/0/2
1736Y-1359000000,NBH-A32-SW-5SW-Gi1/0/6
1736Y-1359100000,NBH-A05-SW-GNE-Gi1/0/1
1736Y-1359200000,NBH-A32-SW-5SW-Gi3/0/5
1736Y-1359300000,NBH-A29-SW-5NE-Gi2/0/9
1736Y-1359400000,NBH-A29-SW-5NE-Gi2/0/5
1736Y-1359500000,NBH-A14-SW-1SE-Gi3/0/2
1736Y-1359600000,NBH-A29-SW-5NE-Gi1/0/7
1736Y-1359700000,NBH-A32-SW-5SW-Gi2/0/1
1736Y-1359800000,NBH-A29-SW-5NE-Gi2/0/7
1736Y-1359900000,NBH-A32-SW-5SW-Gi1/0/1
1736Y-1360000000,NBH-A09-SW-GSW-Gi4/0/12
1736Y-1360100000,NBH-A07-SW-GNW-Gi2/0/4
1736Y-1360200000,NBH-A32-SW-5SW-Gi2/0/6
1736Y-1360300000,NBH-A07-SW-GNW-Gi2/0/5
1736Y-1360400000,NBH-A29-SW-5NE-Gi3/0/6
1736Y-1360500000,NBH-A07-SW-GNW-Gi2/0/3
1736Y-1360600000,NBH-A34-SW-6NW-Gi2/0/2
1736Y-1360700000,NBH-A10-SW-1NE-Gi3/0/8
1736Y-1360800000,NBH-A39-SW-6E-Gi2/0/1
1736Y-1360900000,NBH-A32-SW-5SW-Gi2/0/4
1736Y-1361000000,NBH-A39-SW-6E-Gi3/0/1
1736Y-1361100000,NBH-A07-SW-GNW-Gi1/0/2
1736Y-1361200000,NBH-A39-SW-6E-Gi1/0/5
1736Y-1361300000,NBH-A05-SW-GNE-Gi3/0/3
1736Y-1361400000,NBH-A08-SW-GSE-Gi3/0/1
1736Y-1361500000,NBH-A08-SW-GSE-Gi1/0/20
1736Y-1361700000,NBH-A34-SW-6NW-Gi1/0/9
1736Y-1361800000,NBH-A39-SW-6E-Gi1/0/1
1736Y-1361900000,NBH-A07-SW-GNW-Gi3/0/5
1736Y-1362000000,NBH-A10-SW-1NE-Gi2/0/7
1736Y-1362100000,NBH-A07-SW-GNW-Gi4/0/2
1736Y-1362200000,NBH-A29-SW-5NE-Gi2/0/8
1736Y-1362300000,NBH-A08-SW-GSE-Gi2/0/19
1736Y-1362400000,NBH-A05-SW-GNE-Gi4/0/5
1736Y-1362500000,NBH-A25-SW-4NE-Gi2/0/1
1736Y-1362600000,NBH-A08-SW-GSE-Gi1/0/18
1736Y-1362700000,NBH-A22-SW-3NW-Gi2/0/6
1736Y-1362800000,NBH-A25-SW-4NE-Gi1/0/3
1736Y-1362900000,NBH-A05-SW-GNE-Gi2/0/30
1736Y-1363000000,NBH-A23-SW-3SE-Gi3/0/6
1736Y-1363100000,NBH-A08-SW-GSE-Gi2/0/18
1736Y-1363200000,NBH-A09-SW-GSW-Gi1/0/3
1736Y-1363300000,NBH-A12-SW-1NW-Gi5/0/6
1736Y-1363400000,NBH-A05-SW-GNE-Gi5/0/42
1736Y-1363500000,NBH-A08-SW-GSE-Gi4/0/14
1736Y-1363600000,NBH-A23-SW-3SE-Gi1/0/1
1736Y-1363700000,NBH-A05-SW-GNE-Gi3/0/2
1736Y-1363800000,NBH-A08-SW-GSE-Gi1/0/1
1736Y-1363900000,NBH-A08-SW-GSE-Gi1/0/19
1736Y-1364000000,NBH-A09-SW-GSW-Gi5/0/1
1736Y-1364100000,NBH-A26-SW-4NW-Gi2/0/8
1736Y-1364200000,NBH-A03-SW-BNE-Gi3/0/1
1736Y-1364300000,NBH-A05-SW-GNE-Gi1/0/3
1736Y-1364400000,NBH-A25-SW-4NE-Gi1/0/6
1736Y-1364500000,NBH-A33-SW-6NE-Gi1/0/1
1736Y-1364600000,NBH-A33-SW-6NE-Gi1/0/2
1736Y-1364700000,NBH-A05-SW-GNE-Gi3/0/1
1736Y-1364800000,NBH-A12-SW-1NW-Gi4/0/1
1736Y-1364900000,NBH-A09-SW-GSW-Gi5/0/12
1736Y-1365000000,NBH-A12-SW-1NW-Gi5/0/4
1736Y-1365100000,NBH-A25-SW-4NE-Gi3/0/2
1736Y-1365200000,NBH-A08-SW-GSE-Gi4/0/18
1736Y-1365300000,NBH-A33-SW-6NE-Gi1/0/7
1736Y-1365400000,NBH-A25-SW-4NE-Gi1/0/1
1736Y-1365500000,NBH-A12-SW-1NW-Gi4/0/4
1736Y-1365600000,NBH-A24-SW-3SW-Gi1/0/9
1736Y-1365700000,NBH-A29-SW-5NE-Gi2/0/6
1736Y-1365800000,NBH-A34-SW-6NW-Gi1/0/10
1736Y-1365900000,NBH-A34-SW-6NW-Gi1/0/11
1736Y-1366000000,NBH-A33-SW-6NE-Gi1/0/9
1736Y-1366100000,NBH-A05-SW-GNE-Gi3/0/5
1736Y-1366200000,NBH-A26-SW-4NW-Gi1/0/8
1736Y-1366300000,NBH-A30-SW-5NW-Gi2/0/2
1736Y-1366400000,NBH-A30-SW-5NW-Gi1/0/5
1736Y-1366500000,NBH-A03-SW-BNE-Gi3/0/6
1736Y-1366600000,NBH-A21-SW-3NE-Gi1/0/4
1736Y-1366700000,NBH-A14-SW-1SE-Gi1/0/2
1736Y-1366800000,NBH-A25-SW-4NE-Gi2/0/2
1736Y-1366900000,NBH-A16-SW-1SW-Gi1/0/3
1736Y-1367000000,NBH-A30-SW-5NW-Gi1/0/1
1736Y-1367200000,NBH-A16-SW-1SW-Gi1/0/4
1736Y-1367300000,NBH-A03-SW-BNE-Gi1/0/7
1736Y-1367400000,NBH-A05-SW-GNE-Gi2/0/2
1736Y-1367500000,NBH-A25-SW-4NE-Gi3/0/1
1736Y-1367600000,NBH-A29-SW-5NE-Gi1/0/8
1736Y-1367700000,NBH-A09-SW-GSW-Gi2/0/11
1736Y-1367800000,NBH-A10-SW-1NE-Gi3/0/1
1736Y-1367900000,NBH-A30-SW-5NW-Gi2/0/6
1736Y-1368000000,NBH-A21-SW-3NE-Gi1/0/5
1736Y-1368100000,NBH-A12-SW-1NW-Gi4/0/8
1736Y-1368200000,NBH-A14-SW-1SE-Gi2/0/4
1736Y-1368300000,NBH-A10-SW-1NE-Gi3/0/6
1736Y-1368400000,NBH-A21-SW-3NE-Gi2/0/10
1736Y-1368500000,NBH-A04-SW-BNW-Gi2/0/7
1736Y-1368600000,NBH-A26-SW-4NW-Gi3/0/7
1736Y-1368700000,NBH-A08-SW-GSE-Gi3/0/19
1736Y-1368800000,NBH-A12-SW-1NW-Gi4/0/6
1736Y-1368900000,NBH-A12-SW-1NW-Gi3/0/7
1736Y-1369000000,NBH-A23-SW-3SE-Gi1/0/3
1736Y-1369100000,NBH-A24-SW-3SW-Gi2/0/2
1736Y-1369200000,NBH-A12-SW-1NW-Gi3/0/8
1736Y-1369300000,NBH-A21-SW-3NE-Gi2/0/3
1736Y-1369400000,NBH-A30-SW-5NW-Gi3/0/2
1736Y-1369500000,NBH-A24-SW-3SW-Gi1/0/10
1736Y-1369600000,NBH-A14-SW-1SE-Gi2/0/3
1736Y-1369700000,NBH-A22-SW-3NW-Gi1/0/11
1736Y-1369800000,NBH-A10-SW-1NE-Gi3/0/5
1736Y-1369900000,NBH-A25-SW-4NE-Gi2/0/6
1736Y-1370000000,NBH-A23-SW-3SE-Gi1/0/5
1736Y-1370100000,NBH-A10-SW-1NE-Gi3/0/9
1736Y-1370200000,NBH-A17-SW-2NE-Gi3/0/3
1736Y-1370300000,NBH-A18-SW-2NW-Gi3/0/5
1736Y-1370400000,NBH-A18-SW-2NW-Gi4/0/3
1736Y-1370500000,NBH-A14-SW-1SE-Gi1/0/3
1736Y-1370600000,NBH-A24-SW-3SW-Gi2/0/9
1736Y-1370700000,NBH-A17-SW-2NE-Gi1/0/1
1736Y-1370800000,NBH-A17-SW-2NE-Gi4/0/3
1736Y-1370900000,NBH-A14-SW-1SE-Gi1/0/4
1736Y-1371000000,NBH-A12-SW-1NW-Gi1/0/7
1736Y-1371100000,NBH-A12-SW-1NW-Gi1/0/9
1736Y-1371200000,NBH-A17-SW-2NE-Gi3/0/1
1736Y-1371300000,NBH-A08-SW-GSE-Gi4/0/19
1736Y-1371400000,NBH-A18-SW-2NW-Gi1/0/4
1736Y-1371500000,NBH-A22-SW-3NW-Gi1/0/9
1736Y-1371600000,NBH-A10-SW-1NE-Gi4/0/2
1736Y-1371700000,NBH-A17-SW-2NE-Gi2/0/2
1736Y-1371800000,NBH-A09-SW-GSW-Gi3/0/2
1736Y-1371900000,NBH-A09-SW-GSW-Gi2/0/2
1736Y-1372000000,NBH-A21-SW-3NE-Gi1/0/3
1736Y-1372100000,NBH-A18-SW-2NW-Gi1/0/27
1736Y-1372200000,NBH-A21-SW-3NE-Gi1/0/11
1736Y-1372300000,NBH-A21-SW-3NE-Gi1/0/9
1736Y-1372400000,NBH-A28-SW-4SW-Gi4/0/2
1736Y-1372500000,NBH-A21-SW-3NE-Gi2/0/1
1736Y-1372600000,NBH-A21-SW-3NE-Gi1/0/2
1736Y-1372700000,NBH-A08-SW-GSE-Gi4/0/16
1736Y-1372800000,NBH-A10-SW-1NE-Gi2/0/5
1736Y-1372900000,NBH-A22-SW-3NW-Gi1/0/10
1736Y-1373000000,NBH-A14-SW-1SE-Gi3/0/4
1736Y-1373100000,NBH-A18-SW-2NW-Gi4/0/2
1736Y-1373200000,NBH-A23-SW-3SE-Gi2/0/2
1736Y-1373300000,NBH-A22-SW-3NW-Gi2/0/7
1736Y-1373400000,NBH-A21-SW-3NE-Gi1/0/1
1736Y-1373500000,NBH-A21-SW-3NE-Gi2/0/8
1736Y-1373600000,NBH-A21-SW-3NE-Gi2/0/9
1736Y-1373700000,NBH-A20-SW-2SW-Gi1/0/3
1736Y-1373800000,NBH-A31-SW-5SE-Gi2/0/3
1736Y-1373900000,NBH-A30-SW-5NW-Gi3/0/3
1736Y-1374000000,NBH-A20-SW-2SW-Gi2/0/3
1736Y-1374100000,NBH-A36-SW-6SW-Gi2/0/6
1736Y-1374200000,NBH-A03-SW-BNE-Gi1/0/8
1736Y-1374300000,NBH-A29-SW-5NE-Gi2/0/4
1736Y-1374400000,NBH-A23-SW-3SE-Gi1/0/7
1736Y-1374500000,NBH-A36-SW-6SW-Gi1/0/7
1736Y-1374600000,NBH-A36-SW-6SW-Gi2/0/3
1736Y-1374700000,NBH-A29-SW-5NE-Gi3/0/5
1736Y-1374800000,NBH-A27-SW-4SE-Gi1/0/6
1736Y-1374900000,NBH-A28-SW-4SW-Gi1/0/4
1736Y-1375000000,NBH-A03-SW-BNE-Gi1/0/2
1736Y-1375100000,NBH-A37-SW-7NE-Gi1/0/2
1736Y-1375200000,NBH-A37-SW-7NE-Gi1/0/14
1736Y-1375300000,NBH-A37-SW-7NE-Gi1/0/38
1736Y-1375400000,NBH-A36-SW-6SW-Gi3/0/4
1736Y-1375500000,NBH-A34-SW-6NW-Gi1/0/7
1736Y-1375600000,NBH-A28-SW-4SW-Gi5/0/3
1736Y-1375700000,NBH-A07-SW-GNW-Gi4/0/4
1736Y-1375800000,NBH-A20-SW-2SW-Gi4/0/2
1736Y-1375900000,NBH-A36-SW-6SW-Gi1/0/5
1736Y-1376000000,NBH-A27-SW-4SE-Gi4/0/2
1736Y-1376100000,NBH-A29-SW-5NE-Gi1/0/6
1736Y-1376200000,NBH-A27-SW-4SE-Gi3/0/3
1736Y-1376300000,NBH-A27-SW-4SE-Gi1/0/3
1736Y-1376400000,NBH-A27-SW-4SE-Gi3/0/4
1736Y-1376500000,NBH-A30-SW-5NW-Gi3/0/4
1736Y-1376600000,NBH-A38-SW-7NW-Gi1/0/1
1736Y-1376700000,NBH-A24-SW-3SW-Gi1/0/3
1736Y-1376800000,NBH-A10-SW-1NE-Gi1/0/10
1736Y-1376900000,NBH-A34-SW-6NW-Gi2/0/13
1736Y-1377000000,NBH-A30-SW-5NW-Gi2/0/1
1736Y-1377100000,NBH-A27-SW-4SE-Gi4/0/4
1736Y-1377200000,NBH-A07-SW-GNW-Gi4/0/1
1736Y-1377300000,NBH-A30-SW-5NW-Gi2/0/4
1736Y-1377400000,NBH-A27-SW-4SE-Gi2/0/5
1736Y-1377500000,NBH-A34-SW-6NW-Gi2/0/5
1736Y-1377600000,NBH-A38-SW-7NW-Gi1/0/16
1736Y-1377700000,NBH-A38-SW-7NW-Gi1/0/2
1736Y-1377800000,NBH-A24-SW-3SW-Gi1/0/2
1736Y-1377900000,NBH-A22-SW-3NW-Gi1/0/8
1736Y-1378000000,NBH-A24-SW-3SW-Gi2/0/1
1736Y-1378100000,NBH-A07-SW-GNW-Gi5/0/3
1736Y-1378200000,NBH-A38-SW-7NW-Gi1/0/17
1736Y-1378300000,NBH-A22-SW-3NW-Gi1/0/6
1736Y-1378400000,NBH-A30-SW-5NW-Gi3/0/5
1736Y-1378500000,NBH-A36-SW-6SW-Gi1/0/6
1736Y-1378600000,NBH-A33-SW-6NE-Gi1/0/6
1736Y-1378700000,NBH-A15-SW-1SE-Gi1/0/2
1736Y-1378800000,NBH-A21-SW-3NE-Gi1/0/8
1736Y-1378900000,NBH-A21-SW-3NE-Gi1/0/7
1736Y-1379000000,NBH-A12-SW-1NW-Gi2/0/1
1736Y-1379100000,NBH-A10-SW-1NE-Gi4/0/3
1736Y-1379200000,NBH-A37-SW-7NE-Gi1/0/11
1736Y-1379300000,NBH-A23-SW-3SE-Gi2/0/1
1736Y-1379400000,NBH-A23-SW-3SE-Gi2/0/4
1736Y-1379500000,NBH-A05-SW-GNE-Gi2/0/4
1736Y-1379500000,NBH-A20-SW-2SW-Gi3/0/3
1736Y-1379600000,NBH-A07-SW-GNW-Gi2/0/1
1736Y-1379700000,NBH-A38-SW-7NW-Gi1/0/5
1736Y-1379900000,NBH-A10-SW-1NE-Gi1/0/2
1736Y-1380000000,NBH-A21-SW-3NE-Gi1/0/10
1736Y-1380100000,NBH-A17-SW-2NE-Gi3/0/4
1736Y-1380200000,NBH-A28-SW-4SW-Gi1/0/1
1736Y-1380300000,NBH-A19-SW-2SE-Gi1/0/2
1736Y-1380400000,NBH-A28-SW-4SW-Gi2/0/1
1736Y-1380500000,NBH-A20-SW-2SW-Gi5/0/2
1736Y-1380600000,NBH-A23-SW-3SE-Gi3/0/4
1736Y-1380700000,NBH-A03-SW-BNE-Gi1/0/48
1736Y-1380800000,NBH-A23-SW-3SE-Gi2/0/5
1736Y-1380900000,NBH-A20-SW-2SW-Gi1/0/1
1736Y-1381000000,NBH-A28-SW-4SW-Gi1/0/3
1736Y-1381100000,NBH-A38-SW-7NW-Gi1/0/14
1736Y-1381200000,NBH-A28-SW-4SW-Gi2/0/3
1736Y-1381300000,NBH-A08-SW-GSE-Gi1/0/2
1736Y-1381400000,NBH-A12-SW-1NW-Gi4/0/9
1736Y-1381500000,NBH-A19-SW-2SE-Gi3/0/4
1736Y-1381600000,NBH-A39-SW-6E-Gi1/0/6
1736Y-1381700000,NBH-A08-SW-GSE-Gi2/0/2
1736Y-1381800000,NBH-A30-SW-5NW-Gi2/0/3
1736Y-1381900000,NBH-A05-SW-GNE-Gi1/0/5
1736Y-1382000000,NBH-A28-SW-4SW-Gi4/0/3
1736Y-1382100000,NBH-A23-SW-3SE-Gi3/0/7
1736Y-1382200000,NBH-A09-SW-GSW-Gi3/0/1
1736Y-1382300000,NBH-A32-SW-5SW-Gi3/0/4
1736Y-1382400000,NBH-A31-SW-5SE-Gi1/0/4
1736Y-1382500000,NBH-A08-SW-GSE-Gi2/0/1
1736Y-1382600000,NBH-A34-SW-6NW-Gi2/0/8
1736Y-1382700000,NBH-A27-SW-4SE-Gi3/0/1
1736Y-1382800000,NBH-A31-SW-5SE-Gi1/0/2
1736Y-1382900000,NBH-A39-SW-6E-Gi3/0/3
1736Y-1383000000,NBH-A20-SW-2SW-Gi2/0/1
1736Y-1383100000,NBH-A31-SW-5SE-Gi2/0/6
1736Y-1383200000,NBH-A28-SW-4SW-Gi3/0/4
1736Y-1383300000,NBH-A15-SW-1SE-Gi1/0/1
1736Y-1383400000,NBH-A31-SW-5SE-Gi3/0/5
1736Y-1383500000,NBH-A20-SW-2SW-Gi2/0/2
1736Y-1383600000,NBH-A25-SW-4NE-Gi1/0/5
1736Y-1383700000,NBH-A31-SW-5SE-Gi2/0/2
1736Y-1383800000,NBH-A19-SW-2SE-Gi2/0/7
1736Y-1383900000,NBH-A03-SW-BNE-Gi2/0/3
1736Y-1384000000,NBH-A18-SW-2NW-Gi2/0/4
1736Y-1384100000,NBH-A26-SW-4NW-Gi2/0/6
1736Y-1384200000,NBH-A22-SW-3NW-Gi2/0/9
1736Y-1384300000,NBH-A29-SW-5NE-Gi3/0/2
1736Y-1384400000,NBH-A20-SW-2SW-Gi5/0/1
1736Y-1384500000,NBH-A25-SW-4NE-Gi3/0/5
1736Y-1384600000,NBH-A31-SW-5SE-Gi1/0/5
1736Y-1384700000,NBH-A28-SW-4SW-Gi3/0/3
1736Y-1384800000,NBH-A39-SW-6E-Gi2/0/6
1736Y-1384900000,NBH-A20-SW-2SW-Gi4/0/1
1736Y-1385000000,NBH-A31-SW-5SE-Gi1/0/7
1736Y-1385100000,NBH-A20-SW-2SW-Gi3/0/2
1736Y-1385200000,NBH-A20-SW-2SW-Gi4/0/3
1736Y-1385300000,NBH-A20-SW-2SW-Gi3/0/1
1736Y-1385400000,NBH-A29-SW-5NE-Gi1/0/3
1736Y-1385500000,NBH-A17-SW-2NE-Gi2/0/3
1736Y-1385600000,NBH-A03-SW-BNE-Gi1/0/3
1736Y-1385700000,NBH-A31-SW-5SE-Gi2/0/4
1736Y-1385900000,NBH-A32-SW-5SW-Gi1/0/4
1736Y-1386000000,NBH-A09-SW-GSW-Gi5/0/9
1736Y-1386100000,NBH-A03-SW-BNE-Gi2/0/5
1736Y-1386200000,NBH-A08-SW-GSE-Gi1/0/3
1736Y-1386300000,NBH-A09-SW-GSW-Gi5/0/8
1736Y-1386400000,NBH-A12-SW-1NW-Gi5/0/5
1736Y-1386500000,NBH-A24-SW-3SW-Gi2/0/7
1736Y-1386600000,NBH-A03-SW-BNE-Gi1/0/9
1736Y-1386700000,NBH-A20-SW-2SW-Gi4/0/4
1736Y-1386800000,NBH-A23-SW-3SE-Gi3/0/5
1736Y-1386900000,NBH-A37-SW-7NE-Gi1/0/39
1736Y-1387000000,NBH-A04-SW-BNW-Gi2/0/3
1736Y-1387100000,NBH-A18-SW-2NW-Gi3/0/3
1736Y-1387200000,NBH-A08-SW-GSE-Gi1/0/14
1736Y-1387300000,NBH-A04-SW-BNW-Gi1/0/4
1736Y-1387400000,NBH-A04-SW-BNW-Gi2/0/5
1736Y-1387500000,NBH-A04-SW-BNW-Gi2/0/2
00000,
1736Y-1387700000,NBH-A23-SW-3SE-Gi2/0/6
1736Y-1387800000,NBH-A31-SW-5SE-Gi2/0/7
1736Y-1387900000,NBH-A04-SW-BNW-Gi1/0/1
1736Y-1388000000,NBH-A24-SW-3SW-Gi2/0/4
1736Y-1388100000,NBH-A37-SW-7NE-Gi1/0/1
1736Y-1388200000,NBH-A31-SW-5SE-Gi3/0/6
1736Y-1388300000,NBH-A23-SW-3SE-Gi1/0/2
1736Y-1388400000,NBH-A37-SW-7NE-Gi1/0/13
1736Y-1388500000,NBH-A37-SW-7NE-Gi1/0/10
1736Y-1388600000,NBH-A26-SW-4NW-Gi3/0/6
1736Y-1388700000,NBH-A37-SW-7NE-Gi1/0/7
1736Y-1388800000,NBH-A23-SW-3SE-Gi2/0/7
1736Y-1388900000,NBH-A37-SW-7NE-Gi1/0/8
1736Y-1389000000,NBH-A09-SW-GSW-Gi2/0/1
1736Y-1389100000,NBH-A23-SW-3SE-Gi1/0/4
1736Y-1389200000,NBH-A34-SW-6NW-Gi1/0/2
1736Y-1389300000,NBH-A05-SW-GNE-Gi4/0/3
1736Y-1389400000,NBH-A04-SW-BNW-Gi2/0/1
1736Y-1389500000,NBH-A07-SW-GNW-Gi3/0/4
1736Y-1389600000,NBH-A03-SW-BNE-Gi1/0/1
1736Y-1389700000,NBH-A29-SW-5NE-Gi2/0/3
1736Y-1389800000,NBH-A05-SW-GNE-Gi1/0/6
1736Y-1389900000,NBH-A10-SW-1NE-Gi2/0/4
1736Y-1390000000,NBH-A17-SW-2NE-Gi1/0/4
1736Y-1390100000,NBH-A13-SW-1NW-Gi4/0/7
1736Y-1390200000,NBH-A34-SW-6NW-Gi2/0/7
1736Y-1390300000,NBH-A37-SW-7NE-Gi1/0/12
1736Y-1390400000,NBH-A39-SW-6E-Gi1/0/3
1736Y-1390500000,NBH-A28-SW-4SW-Gi5/0/2
1736Y-1390600000,NBH-A27-SW-4SE-Gi1/0/2
1736Y-1390700000,NBH-A34-SW-6NW-Gi1/0/8
1736Y-1390800000,NBH-A34-SW-6NW-Gi1/0/3
1736Y-1390900000,NBH-A38-SW-7NW-Gi1/0/11
1736Y-1391000000,NBH-A16-SW-1SW-Gi4/0/3
1736Y-1391100000,NBH-A03-SW-BNE-Gi2/0/8
1736Y-1391200000,NBH-A14-SW-1SE-Gi4/0/1
1736Y-1391300000,NBH-A28-SW-4SW-Gi2/0/4
1736Y-1391400000,NBH-A27-SW-4SE-Gi3/0/2
1736Y-1391500000,NBH-A12-SW-1NW-Gi3/0/9
1736Y-1391600000,NBH-A27-SW-4SE-Gi2/0/1
1736Y-1391700000,NBH-A33-SW-6NE-Gi1/0/18
1736Y-1391800000,NBH-A33-SW-6NE-Gi1/0/17
1736Y-1391900000,NBH-A03-SW-BNE-Gi3/0/35
1736Y-1392000000,NBH-A20-SW-2SW-Gi1/0/5
1736Y-1392100000,NBH-A19-SW-2SE-Gi2/0/6
1736Y-1392200000,NBH-A33-SW-6NE-Gi1/0/15
1736Y-1392300000,NBH-A19-SW-2SE-Gi4/0/6
1736Y-1392400000,NBH-A39-SW-6E-Gi1/0/2
1736Y-1392500000,NBH-A17-SW-2NE-Gi4/0/1
1736Y-1392600000,NBH-A20-SW-2SW-Gi2/0/4
1736Y-1392700000,NBH-A21-SW-3NE-Gi1/0/12
1736Y-1392800000,NBH-A39-SW-6E-Gi2/0/2
1736Y-1392900000,NBH-A07-SW-GNW-Gi5/0/1
1736Y-1393000000,NBH-A37-SW-7NE-Gi1/0/5
1736Y-1393100000,NBH-A17-SW-2NE-Gi2/0/4
1736Y-1393200000,NBH-A17-SW-2NE-Gi3/0/2
1736Y-1393300000,NBH-A39-SW-6E-Gi1/0/4
1736Y-1393400000,NBH-A19-SW-2SE-Gi3/0/6
1736Y-1393500000,NBH-A39-SW-6E-Gi3/0/4
1736Y-1393600000,NBH-A33-SW-6NE-Gi1/0/16
1736Y-1393700000,NBH-A39-SW-6E-Gi2/0/3
1736Y-1393800000,NBH-A19-SW-2SE-Gi4/0/5
1736Y-1393900000,NBH-A17-SW-2NE-Gi4/0/2
1736Y-1394000000,NBH-A03-SW-BNE-Gi3/0/2
1736Y-1394100000,NBH-A19-SW-2SE-Gi1/0/6
1736Y-1394200000,NBH-A20-SW-2SW-Gi3/0/5
1736Y-1394300000,NBH-A39-SW-6E-Gi2/0/5
1736Y-1394400000,NBH-A12-SW-1NW-Gi2/0/6
1736Y-1394500000,NBH-A28-SW-4SW-Gi3/0/1
1736Y-1394600000,NBH-A21-SW-3NE-Gi2/0/11
1736Y-1394800000,NBH-A18-SW-2NW-Gi1/0/5
1736Y-1394900000,NBH-A31-SW-5SE-Gi1/0/1
1736Y-1395000000,NBH-A12-SW-1NW-Gi4/0/3
1736Y-1395100000,NBH-A08-SW-GSE-Gi4/0/1
1736Y-1395200000,NBH-A21-SW-3NE-Gi2/0/6
1736Y-1395300000,NBH-A22-SW-3NW-Gi1/0/3
1736Y-1395400000,NBH-A26-SW-4NW-Gi2/0/1
1736Y-1395500000,NBH-A09-SW-GSW-Gi1/0/13
1736Y-1395600000,NBH-A38-SW-7NW-Gi1/0/12
1736Y-1395800000,NBH-A36-SW-6SW-Gi2/0/1
1736Y-1395900000,NBH-A22-SW-3NW-Gi2/0/4
1736Y-1396000000,NBH-A09-SW-GSW-Gi3/0/11
1736Y-1396100000,NBH-A22-SW-3NW-Gi2/0/1
1736Y-1396200000,NBH-A22-SW-3NW-Gi2/0/5
1736Y-1396300000,NBH-A37-SW-7NE-Gi1/0/37
1736Y-1396400000,NBH-A03-SW-BNE-Gi1/0/6
1736Y-1396500000,NBH-A27-SW-4SE-Gi1/0/5
1736Y-1396600000,NBH-A14-SW-1SE-Gi4/0/3
1736Y-1396700000,NBH-A27-SW-4SE-Gi4/0/5
1736Y-1396800000,NBH-A22-SW-3NW-Gi1/0/5
1736Y-1396900000,NBH-A12-SW-1NW-Gi1/0/2
1736Y-1397000000,NBH-A30-SW-5NW-Gi1/0/4
1736Y-1397100000,NBH-A27-SW-4SE-Gi2/0/3
1736Y-1397200000,NBH-A12-SW-1NW-Gi1/0/5
1736Y-1397300000,NBH-A12-SW-1NW-Gi1/0/6
1736Y-1397400000,NBH-A12-SW-1NW-Gi2/0/3
1736Y-1397500000,NBH-A34-SW-6NW-Gi2/0/3
1736Y-1397600000,NBH-A34-SW-6NW-Gi1/0/6
1736Y-1397700000,NBH-A38-SW-7NW-Gi1/0/4
1736Y-1397800000,NBH-A34-SW-6NW-Gi2/0/6
1736Y-1397900000,NBH-A38-SW-7NW-Gi1/0/3
1736Y-1398000000,NBH-A27-SW-4SE-Gi2/0/4
1736Y-1398100000,NBH-A21-SW-3NE-Gi2/0/5
1736Y-1398200000,NBH-A03-SW-BNE-Gi2/0/6
1736Y-1398300000,NBH-A32-SW-5SW-Gi2/0/2
1736Y-1398400000,NBH-A10-SW-1NE-Gi1/0/4
1736Y-1398500000,NBH-A27-SW-4SE-Gi1/0/1
1736Y-1398600000,NBH-A29-SW-5NE-Gi2/0/2
1736Y-1398700000,NBH-A08-SW-GSE-Gi1/0/15
1736Y-1398800000,NBH-A03-SW-BNE-Gi2/0/4
1736Y-1399000000,NBH-A26-SW-4NW-Gi2/0/7
1736Y-1399100000,NBH-A10-SW-1NE-Gi1/0/5
1736Y-1399200000,NBH-A08-SW-GSE-Gi3/0/15
1736Y-1399300000,NBH-A29-SW-5NE-Gi1/0/5
1736Y-1399400000,NBH-A12-SW-1NW-Gi5/0/3
1736Y-1399500000,NBH-A22-SW-3NW-Gi1/0/4
1736Y-1399600000,NBH-A14-SW-1SE-Gi3/0/3
1736Y-1399700000,NBH-A29-SW-5NE-Gi3/0/4
1736Y-1399800000,NBH-A36-SW-6SW-Gi3/0/5
1736Y-1399900000,NBH-A18-SW-2NW-Gi4/0/4
1736Y-1400000000,NBH-A36-SW-6SW-Gi2/0/2
1736Y-1400100000,NBH-A31-SW-5SE-Gi3/0/2
1736Y-1400200000,NBH-A36-SW-6SW-Gi1/0/3
1736Y-1400300000,NBH-A12-SW-1NW-Gi3/0/4
1736Y-1400400000,NBH-A12-SW-1NW-Gi1/0/4
1736Y-1400500000,NBH-A22-SW-3NW-Gi2/0/3
1736Y-1400600000,NBH-A12-SW-1NW-Gi4/0/5
1736Y-1400700000,NBH-A22-SW-3NW-Gi1/0/2
1736Y-1401700000,NBH-A21-SW-3NE-Gi1/0/6
1736Y-1401800000,NBH-A16-SW-1SW-Gi3/0/1
1736Y-1402000000,NBH-A12-SW-1NW-Gi2/0/9
1736Y-1402100000,NBH-A21-SW-3NE-Gi2/0/4
1736Y-1402200000,NBH-A28-SW-4SW-Gi4/0/1
1736Y-1402300000,NBH-A09-SW-GSW-Gi4/0/11
1736Y-1402400000,NBH-A30-SW-5NW-Gi2/0/7
1736Y-1402500000,NBH-A36-SW-6SW-Gi3/0/1
1736Y-1402600000,NBH-A38-SW-7NW-Gi1/0/15
1736Y-1402700000,NBH-A10-SW-1NE-Gi3/0/3
1736Y-1402900000,NBH-A16-SW-1SW-Gi4/0/2
1736Y-1403000000,NBH-A10-SW-1NE-Gi3/0/2
1736Y-1403100000,NBH-A09-SW-GSW-Gi1/0/12
1736Y-1403200000,NBH-A16-SW-1SW-Gi1/0/1
1736Y-1403300000,NBH-A08-SW-GSE-Gi1/0/16
1736Y-1403400000,NBH-A39-SW-6E-Gi3/0/2
1736Y-1403500000,NBH-A08-SW-GSE-Gi2/0/14
1736Y-1403600000,NBH-A10-SW-1NE-Gi4/0/4
1736Y-1403700000,NBH-A10-SW-1NE-Gi3/0/4
1736Y-1403800000,NBH-A36-SW-6SW-Gi2/0/4
1736Y-1403900000,NBH-A36-SW-6SW-Gi3/0/2
1736Y-1404000000,NBH-A36-SW-6SW-Gi1/0/2
1736Y-1404100000,NBH-A12-SW-1NW-Gi1/0/3
1736Y-1404200000,NBH-A09-SW-GSW-Gi2/0/12
1736Y-1404300000,NBH-A08-SW-GSE-Gi4/0/13
1736Y-1404400000,NBH-A36-SW-6SW-Gi1/0/4
1736Y-1404500000,NBH-A08-SW-GSE-Gi2/0/16
1736Y-1404600000,NBH-A32-SW-5SW-Gi1/0/19
1736Y-1404700000,NBH-A10-SW-1NE-Gi2/0/3
1736Y-1404800000,NBH-A08-SW-GSE-Gi2/0/15
1736Y-1404900000,NBH-A09-SW-GSW-Gi5/0/11
1736Y-1405000000,NBH-A36-SW-6SW-Gi2/0/5
1736Y-1405100000,NBH-A04-SW-BNW-Gi1/0/7
1736Y-1405200000,NBH-A10-SW-1NE-Gi1/0/8
1736Y-1405300000,NBH-A09-SW-GSW-Gi4/0/8
1736Y-1405400000,NBH-A07-SW-GNW-Gi3/0/3
1736Y-1405500000,NBH-A04-SW-BNW-Gi2/0/6
1736Y-1405600000,NBH-A16-SW-1SW-Gi2/0/3
1736Y-1405700000,NBH-A07-SW-GNW-Gi1/0/4
1736Y-1405800000,NBH-A22-SW-3NW-Gi1/0/1
1736Y-1405900000,NBH-A10-SW-1NE-Gi1/0/1
1736Y-1414300000,NBH-A33-SW-6NE-Gi1/0/21
1736Y-1414400000,NBH-A33-SW-6NE-Gi1/0/26
1736Y-1414600000,NBH-A33-SW-6NE-Gi1/0/25
1736Y-1414700000,NBH-A23-SW-3SE-Gi2/0/3
1736Y-1414800000,NBH-A33-SW-6NE-Gi1/0/23
1736Y-1415200000,NBH-A33-SW-6NE-Gi1/0/13
1736Y-1415400000,NBH-A33-SW-6NE-Gi1/0/24
1736Y-1416000000,NBH-A33-SW-6NE-Gi1/0/20
1736Y-1423300000,NBH-A23-SW-3SE-Gi3/0/3
1736Y-1423400000,NBH-A28-SW-4SW-Gi5/0/1
1736Y-1455500000,NBH-A22-SW-3NW-Gi2/0/8
1736Y-1456100000,NBH-A26-SW-4NW-Gi1/0/7
1736Y-1456700000,NBH-A33-SW-6NE-Gi1/0/12
1736Y-1457500000,NBH-A33-SW-6NE-Gi1/0/10
1736Y-1457600000,NBH-A20-SW-2SW-Gi5/0/4
1736Y-1458300000,NBH-A09-SW-GSW-Gi4/0/1
1736Y-1461200000,NBH-A33-SW-6NE-Gi1/0/22
1736Y-1462200000,NBH-A18-SW-2NW-Gi2/0/5
1736Y-1512100000,NBH-A10-SW-1NE-Gi4/0/5
1736Y-1512200000,NBH-A12-SW-1NW-Gi5/0/7
1736Y-1512500000,NBH-A12-SW-1NW-Gi3/0/6
1736Y-1512700000,NBH-A10-SW-1NE-Gi4/0/1
1736Y-1513800000,NBH-A12-SW-1NW-Gi1/0/8
1736Y-1514100000,NBH-A12-SW-1NW-Gi4/0/7
1736Y-1514900000,NBH-A10-SW-1NE-Gi2/0/1
1736Y-1516100000,NBH-A10-SW-1NE-Gi1/0/6
1736Y-1516500000,NBH-A10-SW-1NE-Gi2/0/6
1736Y-1516600000,NBH-A12-SW-1NW-Gi2/0/7
