1736Y-13384,2SE-161
1736Y-13387,2SE-036
1736Y-13388,2SE-041
1736Y-13389,GSW-243
1736Y-13390,2NW-145
1736Y-13391,2SE-008
1736Y-13392,2SE-042
1736Y-13393,2SE-157
1736Y-13394,GSW-230
1736Y-13395,GSE-119
1736Y-13396,GSW-221
1736Y-13397,GSW-218
1736Y-13398,7NE-006
1736Y-13399,7NE-007
1736Y-13400,GSW-072
1736Y-13401,GSW-235
1736Y-13402,2SW-180
1736Y-13403,BNW-033
1736Y-13404,7NE-013
1736Y-13405,GNE-330
1736Y-13406,GSE-116
1736Y-13407,GNE-297
1736Y-13408,2SW-084
1736Y-13409,3SW-045
1736Y-13410,5SW-105
1736Y-13411,7NE-015
1736Y-13412,GSE-121
1736Y-13413,7NW-009
1736Y-13414,5SE-089
1736Y-13415,GSW-220
1736Y-13416,GSW-231
1736Y-13417,5SW-096
1736Y-13418,1SW-157
1736Y-13419,3SE-003
1736Y-13420,3SW-011
1736Y-13421,GNE-320
1736Y-13422,5SW-100
1736Y-13423,2SW-160
1736Y-13424,7NW-012
1736Y-13425,2NW-158
1736Y-13426,2NW-117
1736Y-13427,GSE-120
1736Y-13428,2NE-150
1736Y-13429,GSW-234
1736Y-13430,2SE-028
1736Y-13431,4NW-081
1736Y-13432,4NW-064
1736Y-13433,GNE-327
1736Y-13434,6NE-033
1736Y-13435,4NW-070
1736Y-13436,6NE-027
1736Y-13437,4NW-073
1736Y-13438,1NE-263
1736Y-13439,4NW-023
1736Y-13440,BNW-080
1736Y-13441,1NE-145
1736Y-13442,4NW-096
1736Y-13443,4NW-050
1736Y-13444,6NW-040
1736Y-13445,4NW-032
1736Y-13446,1SW-147
1736Y-13447,GNE-190
1736Y-13448,5SW-090
1736Y-13449,1SW-117
1736Y-13450,1NE-087
1736Y-13451,5SW-087
1736Y-13452,5SE-083
1736Y-13453,5SE-098
1736Y-13454,5SE-092
1736Y-13455,3SW-035
1736Y-13456,3SW-005
1736Y-13457,4NW-028
1736Y-13458,BNE-018
1736Y-13459,GNE-037
1736Y-13460,5SE-123
1736Y-13461,GNE-167
1736Y-13462,1NE-002
1736Y-13463,5NW-115
1736Y-13464,6NW-028
1736Y-13465,1NE-153
1736Y-13466,1NW-126
1736Y-13467,BNE-085
1736Y-13468,3SW-002
1736Y-13469,3SW-026
1736Y-13470,BNE-062
1736Y-13471,4NW-093
1736Y-13472,6NW-029
1736Y-13473,1NW-320
1736Y-13474,GNE-072
1736Y-13475,1NW-377
1736Y-13476,4NE-172
1736Y-13477,4NW-015
1736Y-13479,4NW-038
1736Y-13480,3SW-014
1736Y-13481,GSE-036
1736Y-13482,4SE-182
1736Y-13483,5SW-108
1736Y-13484,8NE-007
1736Y-13485,GNW-220
1736Y-13486,1NE-094
1736Y-13487,4NW-002
1736Y-13488,1SW-074
1736Y-13489,1NE-088
1736Y-13490,GNW-230
1736Y-13491,3NW-078
1736Y-13492,GNW-101
1736Y-13493,6NW-004
1736Y-13494,3NW-076
1736Y-13495,BNE-065
1736Y-13496,GNW-226
1736Y-13497,BSW-030
1736Y-13498,6SW-104
1736Y-13499,2SE-142
1736Y-13500,BNE-068
1736Y-13501,GNE-316
1736Y-13502,BNW-085
1736Y-13503,BSW-023
1736Y-13504,BNE-066
1736Y-13505,4SE-135
1736Y-13506,1SE-233
1736Y-13507,7NW-016
1736Y-13508,GNW-097
1736Y-13509,6NW-038
1736Y-13510,BNE-080
1736Y-13511,BNW-083
1736Y-13512,GNW-046
1736Y-13513,GNE-310
1736Y-13514,3SE-014
1736Y-13515,7NE-017
1736Y-13516,6NW-002
1736Y-13517,4SE-125
1736Y-13518,5NE-122
1736Y-13519,7NW-019
1736Y-13520,4SW-257
1736Y-13521,4SW-252
1736Y-13522,5NW-112
1736Y-13523,BNW-078
1736Y-13524,6NW-021
1736Y-13525,5NW-106
1736Y-13526,5NE-126
1736Y-13527,5NE-051
1736Y-13528,5NE-127
1736Y-13529,4SW-245
1736Y-13530,2SE-081
1736Y-13531,4NE-164
1736Y-13532,5NE-100
1736Y-13533,5NW-096
1736Y-13534,4NE-161
1736Y-13535,GNE-326
1736Y-13536,2SE-094
1736Y-13537,4NE-163
1736Y-13538,4NE-158
1736Y-13539,6NE-018
1736Y-13540,4NE-157
1736Y-13541,4NE-166
1736Y-13542,2SE-090
1736Y-13543,4NE-162
1736Y-13544,2SW-138
1736Y-13545,4NE-160
1736Y-13546,2SE-086
1736Y-13547,4NE-165
1736Y-13548,2SE-079
1736Y-13549,2NW-092
1736Y-13550,2SE-145
1736Y-13551,7NW-007
1736Y-13552,4NW-086
1736Y-13553,GSE-118
1736Y-13554,2NW-119
1736Y-13555,BNE-091
1736Y-13556,7NE-010
1736Y-13557,7NE-012
1736Y-13558,2NW-036
1736Y-13559,BSE-041
1736Y-13560,BNE-114
1736Y-13561,5NE-012
1736Y-13562,1NE-261
1736Y-13563,2NW-140
1736Y-13564,2NW-113
1736Y-13566,2NW-101
1736Y-13567,BSE-030
1736Y-13568,6SE-020
1736Y-13569,6SE-005
1736Y-13570,5NW-007
1736Y-13571,GSE-127
1736Y-13572,BNE-073
1736Y-13573,BSE-020
1736Y-13574,6SE-029
1736Y-13575,5NW-012
1736Y-13576,7NE-003
1736Y-13577,BSE-008
1736Y-13578,1NE-336
1736Y-13580,BSE-036
1736Y-13581,1SW-105
1736Y-13582,GSE-114
1736Y-13583,1SW-026
1736Y-13584,5SW-059
1736Y-13585,2SE-141
1736Y-13585,5NE-078
1736Y-13586,BSE-006
1736Y-13587,5SW-002
1736Y-13588,1SW-001
1736Y-13589,1SE-184
1736Y-13590,5SW-030
1736Y-13591,GNE-063
1736Y-13592,5SW-010
1736Y-13593,5NE-002
1736Y-13594,5NE-022
1736Y-13595,1SE-155
1736Y-13596,5NE-091
1736Y-13597,5SW-072
1736Y-13598,5NE-086
1736Y-13599,5SW-062
1736Y-13600,GSW-070
1736Y-13601,GNW-166
1736Y-13602,5SW-022
1736Y-13603,GNW-007
1736Y-13604,5NE-018
1736Y-13605,GNW-149
1736Y-13606,6NW-007
1736Y-13607,1NE-196
1736Y-13608,6SE-104
1736Y-13609,5SW-038
1736Y-13610,6SE-102
1736Y-13611,GNW-074
1736Y-13612,6SE-062
1736Y-13613,GNE-126
1736Y-13614,BSE-007
1736Y-13615,GSE-108
1736Y-13617,6NW-027
1736Y-13618,6SE-105
1736Y-13619,GNW-207
1736Y-13620,1NE-268
1736Y-13621,GNW-110
1736Y-13622,5NE-081
1736Y-13623,GSE-111
1736Y-13624,GNE-237
1736Y-13625,4NE-168
1736Y-13626,GSE-107
1736Y-13627,3NW-045
1736Y-13628,4NE-174
1736Y-13629,GNE-086
1736Y-13630,3SE-055
1736Y-13631,GSE-115
1736Y-13632,BSW-028
1736Y-13633,1NW-398
1736Y-13634,GNE-006
1736Y-13635,GSE-125
1736Y-13636,3SE-132
1736Y-13637,GNE-217
1736Y-13638,BSE-004
1736Y-13639,GSE-112
1736Y-13640,BSW-034
1736Y-13641,4NW-120
1736Y-13642,BNE-067
1736Y-13643,GNE-064
1736Y-13644,4NE-154
1736Y-13645,6NE-038
1736Y-13646,6NE-031
1736Y-13647,GNE-007
1736Y-13648,1NW-061
1736Y-13649,GSW-229
1736Y-13650,1NW-302
1736Y-13651,4NE-173
1736Y-13652,GSE-113
1736Y-13653,6NE-030
1736Y-13654,4NE-169
1736Y-13655,1NW-315
1736Y-13656,3SW-056
1736Y-13657,5NE-057
1736Y-13658,6NW-020
1736Y-13659,6NW-039
1736Y-13660,6NE-024
1736Y-13661,GNE-261
1736Y-13662,4NW-114
1736Y-13663,5NW-023
1736Y-13664,5NW-076
1736Y-13665,BNE-116
1736Y-13666,3NE-067
1736Y-13667,1SE-145
1736Y-13668,4NE-167
1736Y-13669,1SW-087
1736Y-13670,5NW-002
1736Y-13672,1SW-037
1736Y-13673,BNE-115
1736Y-13674,GNE-231
1736Y-13675,4NE-170
1736Y-13676,2SW-152
1736Y-13676,5NE-007
1736Y-13677,GSW-239
1736Y-13678,1NE-226
1736Y-13679,5NW-100
1736Y-13680,3NE-038
1736Y-13681,1NW-208
1736Y-13682,1SE-084
1736Y-13683,1NE-097
1736Y-13684,3NE-002
1736Y-13685,BNW-053
1736Y-13686,4NW-122
1736Y-13687,GSE-109
1736Y-13688,1NW-397
1736Y-13689,1NW-216
1736Y-13690,3SE-011
1736Y-13691,3SW-052
1736Y-13692,1NW-229
1736Y-13693,3NE-078
1736Y-13694,5NW-027
1736Y-13695,3SW-063
1736Y-13696,1SE-119
1736Y-13697,3NW-072
1736Y-13698,1NE-241
1736Y-13699,4NE-176
1736Y-13700,3SE-040
1736Y-13701,1NE-157
1736Y-13702,2NE-149
1736Y-13703,2NW-183
1736Y-13704,2NW-079
1736Y-13705,1SE-122
1736Y-13706,3SW-061
1736Y-13707,2NE-002
1736Y-13708,2NE-069
1736Y-13709,1SE-101
1736Y-13710,1NW-256
1736Y-13711,1NW-185
1736Y-13712,2NE-004
1736Y-13713,GSE-110
1736Y-13714,2NW-078
1736Y-13715,3NW-071
1736Y-13716,1NE-029
1736Y-13717,2NE-017
1736Y-13718,BSW-029
1736Y-13719,BSW-031
1736Y-13720,3NE-069
1736Y-13721,2NW-001
1736Y-13722,3NE-008
1736Y-13723,3NE-005
1736Y-13724,4SW-223
1736Y-13725,3NE-072
1736Y-13726,3NE-071
1736Y-13727,GSE-117
1736Y-13728,1NE-047
1736Y-13729,3NW-075
1736Y-13730,1SE-011
1736Y-13731,2NW-021
1736Y-13732,3SE-004
1736Y-13733,3NW-063
1736Y-13734,3NE-073
1736Y-13735,3NE-012
1736Y-13736,3NE-004
1736Y-13737,2SW-011
1736Y-13738,5SE-095
1736Y-13739,5NW-039
1736Y-13740,2SW-188
1736Y-13741,6SW-018
1736Y-13742,BNE-081
1736Y-13743,5NE-137
1736Y-13744,3SE-077
1736Y-13745,6SW-024
1736Y-13746,6SW-081
1736Y-13747,5NE-023
1736Y-13748,4SE-005
1736Y-13749,4SW-022
1736Y-13750,BNE-070
1736Y-13751,7NE-019
1736Y-13752,7NE-016
1736Y-13753,8NE-006
1736Y-13754,6SW-041
1736Y-13755,6NW-014
1736Y-13756,4SW-057
1736Y-13757,GNW-225
1736Y-13758,2SW-016
1736Y-13759,6SW-037
1736Y-13760,4SE-144
1736Y-13761,5NE-029
1736Y-13762,4SE-071
1736Y-13763,4SE-133
1736Y-13764,4SE-081
1736Y-13765,5NW-068
1736Y-13766,7NW-004
1736Y-13767,3SW-055
1736Y-13768,1NE-192
1736Y-13769,6NW-031
1736Y-13770,5NW-015
1736Y-13771,4SE-056
1736Y-13772,GNW-224
1736Y-13773,5NW-059
1736Y-13774,4SE-023
1736Y-13775,6NW-012
1736Y-13776,7NW-014
1736Y-13777,7NW-001
1736Y-13778,3SW-049
1736Y-13779,3NW-066
1736Y-13780,3SW-046
1736Y-13781,GNW-217
1736Y-13782,7NW-020
1736Y-13783,3NW-052
1736Y-13784,5NW-082
1736Y-13785,6SW-005
1736Y-13786,6NE-034
1736Y-13787,1SE-132
1736Y-13788,3NE-022
1736Y-13789,3NE-026
1736Y-13790,1NW-009
1736Y-13791,1NE-041
1736Y-13792,7NE-026
1736Y-13793,3SE-135
1736Y-13794,3SE-026
1736Y-13795,GNE-332
1736Y-13795,2SW-191
1736Y-13796,GNW-219
1736Y-13797,7NW-006
1736Y-13799,1NE-016
1736Y-13800,3NE-001
1736Y-13801,2NE-140
1736Y-13802,4SW-209
1736Y-13803,2SE-072
1736Y-13804,4SW-217
1736Y-13805,2SW-102
1736Y-13806,3SE-027
1736Y-13807,BNE-001
1736Y-13808,3SE-044
1736Y-13809,2SW-200
1736Y-13810,4SW-198
1736Y-13811,7NW-017
1736Y-13812,4SW-185
1736Y-13813,BSE-001
1736Y-13814,1NW-187
1736Y-13815,2SE-134
1736Y-13816,6SE-039
1736Y-13817,BSE-049
1736Y-13818,5NW-055
1736Y-13819,GNE-325
1736Y-13820,4SW-070
1736Y-13821,3SE-091
1736Y-13822,BSW-016
1736Y-13823,5SW-082
1736Y-13824,5SE-032
1736Y-13825,BSE-003
1736Y-13826,6NW-026
1736Y-13827,4SE-155
1736Y-13828,5SE-121
1736Y-13829,6SE-080
1736Y-13830,2SW-044
1736Y-13831,5SE-066
1736Y-13832,4SW-005
1736Y-13833,1SE-234
1736Y-13834,5SE-009
1736Y-13835,2SW-025
1736Y-13836,4NE-159
1736Y-13837,5SE-120
1736Y-13838,2SE-100
1736Y-13839,BNE-074
1736Y-13840,2NW-064
1736Y-13841,4NW-103
1736Y-13842,3NW-074
1736Y-13843,5NE-117
1736Y-13844,2SW-045
1736Y-13845,4NE-156
1736Y-13846,5SE-018
1736Y-13847,4SW-143
1736Y-13848,6SE-011
1736Y-13849,2SW-092
1736Y-13850,5SE-002
1736Y-13851,2SW-185
1736Y-13852,2SW-007
1736Y-13853,2SW-066
1736Y-13854,5NE-112
1736Y-13855,2NE-033
1736Y-13856,BNE-076
1736Y-13857,5SE-022
1736Y-13859,5SW-109
1736Y-13860,GSW-232
1736Y-13861,BNE-090
1736Y-13862,BSE-031
1736Y-13863,GSW-238
1736Y-13864,1NW-341
1736Y-13865,3SW-008
1736Y-13866,BNE-113
1736Y-13867,2SW-144
1736Y-13868,3SE-119
1736Y-13869,8NE-005
1736Y-13870,BNW-039
1736Y-13871,2NW-170
1736Y-13872,GSE-027
1736Y-13873,BNW-082
1736Y-13874,BNW-079
1736Y-13875,BNW-084
1736Y-13877,3SE-048
1736Y-13878,5SE-069
1736Y-13879,BNW-087
1736Y-13880,3SW-025
1736Y-13881,7NE-020
1736Y-13882,5SE-076
1736Y-13883,3SE-006
1736Y-13884,7NE-018
1736Y-13885,7NE-025
1736Y-13886,4NW-108
1736Y-13887,7NE-005
1736Y-13888,3SE-090
1736Y-13889,7NE-001
1736Y-13890,BSW-014
1736Y-13891,3SE-023
1736Y-13892,6NW-001
1736Y-13893,GNE-334
1736Y-13894,BNW-086
1736Y-13895,GNW-045
1736Y-13896,BNE-064
1736Y-13897,5NE-111
1736Y-13898,GNE-283
1736Y-13899,1NE-204
1736Y-13900,2NE-050
1736Y-13901,1NW-362
1736Y-13902,6NW-005
1736Y-13903,7NE-022
1736Y-13904,6SE-116
1736Y-13905,4SW-203
1736Y-13906,4SE-158
1736Y-13907,6NW-024
1736Y-13908,6NW-009
1736Y-13909,7NW-018
1736Y-13910,1SW-042
1736Y-13911,BNE-072
1736Y-13912,1SE-230
1736Y-13913,4SW-049
1736Y-13914,4SE-172
1736Y-13915,1NW-403
1736Y-13916,4SE-165
1736Y-13917,6NE-012
1736Y-13918,6NE-013
1736Y-13919,BNE-101
1736Y-13920,2SW-086
1736Y-13921,2SE-176
1736Y-13922,6NE-017
1736Y-13923,2SE-106
1736Y-13924,6SE-096
1736Y-13925,2NE-005
1736Y-13926,2SW-193
1736Y-13927,3NE-079
1736Y-13928,6SE-091
1736Y-13929,GNW-054
1736Y-13930,7NE-011
1736Y-13931,2NE-118
1736Y-13932,2NE-021
1736Y-13933,6SE-089
1736Y-13934,2SE-181
1736Y-13935,6SE-024
1736Y-13936,6NE-015
1736Y-13937,6SE-086
1736Y-13938,2SE-166
1736Y-13939,2NE-027
1736Y-13940,BNE-077
1736Y-13941,2SE-170
1736Y-13942,2SW-172
1736Y-13943,6SE-042
1736Y-13944,1NW-371
1736Y-13945,4SW-221
1736Y-13946,3NE-023
1736Y-13947,BNE-088
1736Y-13948,2NW-185
1736Y-13949,5SE-124
1736Y-13950,1NW-273
1736Y-13951,BSE-002
1736Y-13952,3NE-032
1736Y-13953,3NW-009
1736Y-13954,4NW-005
1736Y-13955,GSW-228
1736Y-13956,7NW-021
1736Y-13958,6SW-105
1736Y-13959,3NW-025
1736Y-13960,GSW-225
1736Y-13961,3NW-003
1736Y-13962,3NW-051
1736Y-13963,8NE-008
1736Y-13964,BNE-086
1736Y-13965,4SE-049
1736Y-13966,1SE-053
1736Y-13967,4SE-035
1736Y-13968,3NW-049
1736Y-13969,1NW-109
1736Y-13970,5NW-065
1736Y-13971,4SE-112
1736Y-13972,1NW-290
1736Y-13973,1NW-358
1736Y-13974,1NW-143
1736Y-13975,6NW-010
1736Y-13976,6NW-013
1736Y-13977,7NW-005
1736Y-13978,6NW-016
1736Y-13979,7NW-003
1736Y-13980,4SE-092
1736Y-13981,3NE-035
1736Y-13982,BNE-117
1736Y-13983,5SW-107
1736Y-13984,1NE-050
1736Y-13985,4SE-169
1736Y-13986,5NE-124
1736Y-13987,GSE-004
1736Y-13988,BNE-048
1736Y-13990,4NW-123
1736Y-13991,1NE-071
1736Y-13992,GSE-051
1736Y-13993,5NE-032
1736Y-13994,1NW-281
1736Y-13995,3NW-015
1736Y-13996,1SE-058
1736Y-13997,5NE-037
1736Y-13998,6SW-010
1736Y-13999,2NW-181
1736Y-14000,6SW-090
1736Y-14001,5SE-106
1736Y-14002,6SW-102
1736Y-14003,1NW-304
1736Y-14004,1NW-292
1736Y-14005,3NW-077
1736Y-14006,1NW-336
1736Y-14007,3NW-006
1736Y-14017,3NE-033
1736Y-14018,1SW-160
1736Y-14020,1NW-408
1736Y-14021,3NE-066
1736Y-14022,4SW-264
1736Y-14023,GSW-226
1736Y-14024,5NW-114
1736Y-14025,6SW-110
1736Y-14026,7NW-013
1736Y-14027,1NE-215
1736Y-14028,4SW-256
1736Y-14029,1SW-089
1736Y-14030,1NE-217
1736Y-14031,GSW-222
1736Y-14032,1SW-125
1736Y-14033,GSE-039
1736Y-14034,6SE-123
1736Y-14035,GSE-123
1736Y-14036,1NE-197
1736Y-14037,1NE-198
1736Y-14038,6SW-049
1736Y-14039,6SW-096
1736Y-14040,6SW-108
1736Y-14041,1NW-129
1736Y-14041,1NW-140
1736Y-14042,GSW-223
1736Y-14043,GSE-015
1736Y-14044,6SW-074
1736Y-14045,GSE-029
1736Y-14046,5SW-089
1736Y-14047,1NE-216
1736Y-14048,GSE-078
1736Y-14049,GSW-227
1736Y-14050,6SW-069
1736Y-14051,BNW-052
1736Y-14052,1NE-084
1736Y-14053,GSW-236
1736Y-14054,GNW-215
1736Y-14055,BNW-059
1736Y-14056,1SW-070
1736Y-14057,GNW-141
1736Y-14058,3NW-002
1736Y-14059,1NE-255
1736Y-14143,6NE-004
1736Y-14144,6NE-009
1736Y-14146,6NE-008
1736Y-14147,3SE-001
1736Y-14148,6NE-002
1736Y-14152,6NE-019
1736Y-14154,6NE-007
1736Y-14160,6NE-006
1736Y-14233,3SE-005
1736Y-14234,4SW-254
1736Y-14555,3NW-070
1736Y-14561,4NW-125
1736Y-14567,6NE-020
1736Y-14575,6NE-023
1736Y-14576,2SW-085
1736Y-14583,BSW-037
1736Y-14612,6NE-003
1736Y-14622,2NW-182
1736Y-15121,1NE-129
1736Y-15122,1NW-233
1736Y-15125,1NW-383
1736Y-15127,1NE-228
1736Y-15138,1NW-219
1736Y-15141,1NW-247
1736Y-15149,1NE-253
1736Y-15161,1NE-116
1736Y-15165,1NE-102
1736Y-15166,1NW-263
