1736Y-1338400000,8
1736Y-1338700000,8
1736Y-1338800000,7
1736Y-1338900000,8
1736Y-1339000000,8
1736Y-1339100000,8
1736Y-1339200000,7
1736Y-1339300000,7
1736Y-1339400000,8
1736Y-1339500000,8
1736Y-1339600000,8
1736Y-1339700000,8
1736Y-1339800000,7
1736Y-1339900000,8
1736Y-1340000000,7
1736Y-1340100000,8
1736Y-1340200000,8
1736Y-1340300000,8
1736Y-1340400000,8
1736Y-1340500000,8
1736Y-1340600000,8
1736Y-1340700000,8
1736Y-1340800000,8
1736Y-1340900000,7
1736Y-1341000000,7
1736Y-1341100000,7
1736Y-1341200000,7
1736Y-1341300000,8
1736Y-1341400000,7
1736Y-1341500000,7
1736Y-1341600000,7
1736Y-1341700000,8
1736Y-1341800000,7
1736Y-1341900000,8
1736Y-1342000000,7
1736Y-1342100000,8
1736Y-1342200000,7
1736Y-1342300000,8
1736Y-1342400000,8
1736Y-1342500000,7
1736Y-1342600000,7
1736Y-1342700000,8
1736Y-1342800000,8
1736Y-1342900000,8
1736Y-1343000000,7
1736Y-1343100000,7
1736Y-1343200000,8
1736Y-1343300000,7
1736Y-1343400000,8
1736Y-1343500000,7
1736Y-1343600000,7
1736Y-1343700000,8
1736Y-1343800000,8
1736Y-1343900000,8
1736Y-1344000000,8
1736Y-1344100000,7
1736Y-1344200000,8
1736Y-1344300000,8
1736Y-1344400000,7
1736Y-1344500000,8
1736Y-1344600000,7
1736Y-1344700000,7
1736Y-1344800000,7
1736Y-1344900000,7
1736Y-1345000000,7
1736Y-1345100000,7
1736Y-1345200000,8
1736Y-1345300000,7
1736Y-1345400000,8
1736Y-1345500000,8
1736Y-1345600000,8
1736Y-1345700000,7
1736Y-1345800000,8
1736Y-1345900000,8
1736Y-1346000000,7
1736Y-1346100000,8
1736Y-1346200000,8
1736Y-1346300000,8
1736Y-1346400000,8
1736Y-1346500000,8
1736Y-1346600000,7
1736Y-1346700000,7
1736Y-1346800000,7
1736Y-1346900000,8
1736Y-1347000000,7
1736Y-1347100000,7
1736Y-1347200000,7
1736Y-1347300000,7
1736Y-1347400000,8
1736Y-1347500000,7
1736Y-1347600000,8
1736Y-1347700000,7
1736Y-1347800000,8
1736Y-1347900000,8
1736Y-1348000000,8
1736Y-1348100000,7
1736Y-1348200000,8
1736Y-1348300000,8
1736Y-1348400000,7
1736Y-1348500000,7
1736Y-1348600000,7
1736Y-1348700000,8
1736Y-1348800000,8
1736Y-1348900000,7
1736Y-1349000000,7
1736Y-1349100000,8
1736Y-1349200000,7
1736Y-1349300000,8
1736Y-1349400000,7
1736Y-1349500000,7
1736Y-1349600000,7
1736Y-1349700000,7
1736Y-1349800000,7
1736Y-1349900000,8
1736Y-1350000000,7
1736Y-1350100000,8
1736Y-1350200000,7
1736Y-1350300000,8
1736Y-1350400000,8
1736Y-1350500000,8
1736Y-1350600000,7
1736Y-1350700000,7
1736Y-1350800000,8
1736Y-1350900000,8
1736Y-1351000000,8
1736Y-1351100000,8
1736Y-1351200000,8
1736Y-1351300000,8
1736Y-1351400000,7
1736Y-1351500000,8
1736Y-1351600000,7
1736Y-1351700000,7
1736Y-1351800000,8
1736Y-1351900000,7
1736Y-1352000000,8
1736Y-1352100000,8
1736Y-1352200000,7
1736Y-1352300000,8
1736Y-1352400000,7
1736Y-1352500000,7
1736Y-1352600000,8
1736Y-1352700000,8
1736Y-1352800000,7
1736Y-1352900000,7
1736Y-1353000000,7
1736Y-1353100000,7
1736Y-1353200000,8
1736Y-1353300000,7
1736Y-1353400000,8
1736Y-1353500000,7
1736Y-1353600000,7
1736Y-1353700000,8
1736Y-1353800000,8
1736Y-1353900000,7
1736Y-1354000000,7
1736Y-1354100000,7
1736Y-1354200000,8
1736Y-1354300000,7
1736Y-1354400000,7
1736Y-1354500000,8
1736Y-1354600000,8
1736Y-1354700000,7
1736Y-1354800000,8
1736Y-1354900000,8
1736Y-1355000000,7
1736Y-1355100000,7
1736Y-1355200000,7
1736Y-1355300000,7
1736Y-1355400000,8
1736Y-1355500000,8
1736Y-1355600000,7
1736Y-1355700000,7
1736Y-1355800000,7
1736Y-1355900000,8
1736Y-1356000000,7
1736Y-1356100000,8
1736Y-1356200000,8
1736Y-1356300000,7
1736Y-1356400000,8
1736Y-1356500000,7
1736Y-1356600000,7
1736Y-1356700000,7
1736Y-1356800000,8
1736Y-1357000000,7
1736Y-1357100000,7
1736Y-1357200000,8
1736Y-1357300000,8
1736Y-1357400000,8
1736Y-1357500000,8
1736Y-1357600000,8
1736Y-1357700000,7
1736Y-1357800000,7
1736Y-1358000000,7
1736Y-1358100000,8
1736Y-1358200000,8
1736Y-1358300000,7
1736Y-1358400000,8
1736Y-1358500000,7
1736Y-1358600000,8
1736Y-1358700000,7
1736Y-1358800000,7
1736Y-1358900000,7
1736Y-1359000000,7
1736Y-1359100000,7
1736Y-1359200000,8
1736Y-1359300000,8
1736Y-1359400000,7
1736Y-1359500000,8
1736Y-1359600000,8
1736Y-1359700000,8
1736Y-1359800000,7
1736Y-1359900000,7
1736Y-1360000000,8
1736Y-1360100000,7
1736Y-1360200000,8
1736Y-1360300000,8
1736Y-1360400000,7
1736Y-1360500000,7
1736Y-1360600000,8
1736Y-1360700000,7
1736Y-1360800000,7
1736Y-1360900000,8
1736Y-1361000000,8
1736Y-1361100000,8
1736Y-1361200000,7
1736Y-1361300000,7
1736Y-1361400000,7
1736Y-1361500000,7
1736Y-1361700000,8
1736Y-1361800000,8
1736Y-1361900000,8
1736Y-1362000000,7
1736Y-1362100000,8
1736Y-1362200000,8
1736Y-1362300000,7
1736Y-1362400000,8
1736Y-1362500000,7
1736Y-1362600000,8
1736Y-1362700000,8
1736Y-1362800000,8
1736Y-1362900000,8
1736Y-1363000000,8
1736Y-1363100000,8
1736Y-1363200000,8
1736Y-1363300000,7
1736Y-1363400000,8
1736Y-1363500000,7
1736Y-1363600000,8
1736Y-1363700000,7
1736Y-1363800000,8
1736Y-1363900000,8
1736Y-1364000000,8
1736Y-1364100000,8
1736Y-1364200000,7
1736Y-1364300000,7
1736Y-1364400000,7
1736Y-1364500000,7
1736Y-1364600000,7
1736Y-1364700000,7
1736Y-1364800000,7
1736Y-1364900000,7
1736Y-1365000000,7
1736Y-1365100000,7
1736Y-1365200000,7
1736Y-1365300000,8
1736Y-1365400000,7
1736Y-1365500000,8
1736Y-1365600000,8
1736Y-1365700000,7
1736Y-1365800000,8
1736Y-1365900000,7
1736Y-1366000000,8
1736Y-1366100000,7
1736Y-1366200000,7
1736Y-1366300000,7
1736Y-1366400000,7
1736Y-1366500000,8
1736Y-1366600000,8
1736Y-1366700000,7
1736Y-1366800000,8
1736Y-1366900000,7
1736Y-1367000000,8
1736Y-1367200000,8
1736Y-1367300000,7
1736Y-1367400000,8
1736Y-1367500000,8
1736Y-1367600000,7
1736Y-1367700000,7
1736Y-1367800000,7
1736Y-1367900000,8
1736Y-1368000000,8
1736Y-1368100000,7
1736Y-1368200000,7
1736Y-1368300000,8
1736Y-1368400000,8
1736Y-1368500000,8
1736Y-1368600000,8
1736Y-1368700000,8
1736Y-1368800000,7
1736Y-1368900000,7
1736Y-1369000000,8
1736Y-1369100000,7
1736Y-1369200000,7
1736Y-1369300000,7
1736Y-1369400000,8
1736Y-1369500000,7
1736Y-1369600000,7
1736Y-1369700000,8
1736Y-1369800000,7
1736Y-1369900000,8
1736Y-1370000000,8
1736Y-1370100000,8
1736Y-1370200000,8
1736Y-1370300000,7
1736Y-1370400000,8
1736Y-1370500000,8
1736Y-1370600000,7
1736Y-1370700000,8
1736Y-1370800000,7
1736Y-1370900000,8
1736Y-1371000000,7
1736Y-1371100000,7
1736Y-1371200000,8
1736Y-1371300000,8
1736Y-1371400000,7
1736Y-1371500000,8
1736Y-1371600000,7
1736Y-1371700000,7
1736Y-1371800000,8
1736Y-1371900000,7
1736Y-1372000000,8
1736Y-1372100000,8
1736Y-1372200000,7
1736Y-1372300000,8
1736Y-1372400000,7
1736Y-1372500000,8
1736Y-1372600000,7
1736Y-1372700000,7
1736Y-1372800000,7
1736Y-1372900000,8
1736Y-1373000000,7
1736Y-1373100000,7
1736Y-1373200000,7
1736Y-1373300000,7
1736Y-1373400000,7
1736Y-1373500000,8
1736Y-1373600000,8
1736Y-1373700000,8
1736Y-1373800000,8
1736Y-1373900000,7
1736Y-1374000000,7
1736Y-1374100000,8
1736Y-1374200000,8
1736Y-1374300000,8
1736Y-1374400000,7
1736Y-1374500000,8
1736Y-1374600000,7
1736Y-1374700000,8
1736Y-1374800000,7
1736Y-1374900000,7
1736Y-1375000000,8
1736Y-1375100000,8
1736Y-1375200000,7
1736Y-1375300000,7
1736Y-1375400000,7
1736Y-1375500000,7
1736Y-1375600000,7
1736Y-1375700000,8
1736Y-1375800000,7
1736Y-1375900000,8
1736Y-1376000000,8
1736Y-1376100000,7
1736Y-1376200000,7
1736Y-1376300000,7
1736Y-1376400000,7
1736Y-1376500000,8
1736Y-1376600000,8
1736Y-1376700000,8
1736Y-1376800000,7
1736Y-1376900000,8
1736Y-1377000000,7
1736Y-1377100000,7
1736Y-1377200000,8
1736Y-1377300000,7
1736Y-1377400000,8
1736Y-1377500000,8
1736Y-1377600000,8
1736Y-1377700000,7
1736Y-1377800000,8
1736Y-1377900000,7
1736Y-1378000000,7
1736Y-1378100000,8
1736Y-1378200000,8
1736Y-1378300000,8
1736Y-1378400000,8
1736Y-1378500000,8
1736Y-1378600000,8
1736Y-1378700000,7
1736Y-1378800000,7
1736Y-1378900000,8
1736Y-1379000000,8
1736Y-1379100000,8
1736Y-1379200000,8
1736Y-1379300000,7
1736Y-1379400000,8
1736Y-1379500000,8
1736Y-1379600000,7
1736Y-1379700000,8
1736Y-1379800000,8
1736Y-1379900000,7
1736Y-1380000000,7
1736Y-1380100000,8
1736Y-1380200000,7
1736Y-1380300000,7
1736Y-1380400000,8
1736Y-1380500000,8
1736Y-1380600000,7
1736Y-1380700000,7
1736Y-1380800000,7
1736Y-1380900000,8
1736Y-1381000000,8
1736Y-1381100000,7
1736Y-1381200000,7
1736Y-1381300000,8
1736Y-1381400000,8
1736Y-1381500000,7
1736Y-1381600000,7
1736Y-1381700000,7
1736Y-1381800000,7
1736Y-1381900000,8
1736Y-1382000000,8
1736Y-1382100000,7
1736Y-1382200000,8
1736Y-1382300000,7
1736Y-1382400000,8
1736Y-1382500000,7
1736Y-1382600000,7
1736Y-1382700000,7
1736Y-1382800000,8
1736Y-1382900000,8
1736Y-1383000000,7
1736Y-1383100000,7
1736Y-1383200000,8
1736Y-1383300000,8
1736Y-1383400000,8
1736Y-1383500000,8
1736Y-1383600000,7
1736Y-1383700000,7
1736Y-1383800000,7
1736Y-1383900000,8
1736Y-1384000000,8
1736Y-1384100000,7
1736Y-1384200000,7
1736Y-1384300000,7
1736Y-1384400000,8
1736Y-1384500000,7
1736Y-1384600000,8
1736Y-1384700000,8
1736Y-1384800000,7
1736Y-1384900000,7
1736Y-1385000000,7
1736Y-1385100000,7
1736Y-1385200000,7
1736Y-1385300000,8
1736Y-1385400000,7
1736Y-1385500000,7
1736Y-1385600000,7
1736Y-1385700000,7
1736Y-1385900000,7
1736Y-1386000000,7
1736Y-1386100000,7
1736Y-1386200000,8
1736Y-1386300000,8
1736Y-1386400000,8
1736Y-1386500000,7
1736Y-1386600000,8
1736Y-1386700000,7
1736Y-1386800000,8
1736Y-1386900000,8
1736Y-1387000000,8
1736Y-1387100000,8
1736Y-1387200000,8
1736Y-1387300000,8
1736Y-1387400000,7
1736Y-1387500000,8
1736Y-1387600000,7
1736Y-1387700000,7
1736Y-1387800000,8
1736Y-1387900000,7
1736Y-1388000000,7
1736Y-1388100000,8
1736Y-1388200000,8
1736Y-1388300000,8
1736Y-1388400000,7
1736Y-1388500000,7
1736Y-1388600000,8
1736Y-1388700000,7
1736Y-1388800000,8
1736Y-1388900000,7
1736Y-1389000000,7
1736Y-1389100000,7
1736Y-1389200000,7
1736Y-1389300000,8
1736Y-1389400000,8
1736Y-1389500000,8
1736Y-1389600000,7
1736Y-1389700000,8
1736Y-1389800000,7
1736Y-1389900000,7
1736Y-1390000000,8
1736Y-1390100000,7
1736Y-1390200000,7
1736Y-1390300000,7
1736Y-1390400000,8
1736Y-1390500000,8
1736Y-1390600000,8
1736Y-1390700000,8
1736Y-1390800000,8
1736Y-1390900000,7
1736Y-1391000000,8
1736Y-1391100000,7
1736Y-1391200000,8
1736Y-1391300000,8
1736Y-1391400000,8
1736Y-1391500000,7
1736Y-1391600000,7
1736Y-1391700000,8
1736Y-1391800000,7
1736Y-1391900000,7
1736Y-1392000000,8
1736Y-1392100000,7
1736Y-1392200000,8
1736Y-1392300000,8
1736Y-1392400000,7
1736Y-1392500000,7
1736Y-1392600000,8
1736Y-1392700000,7
1736Y-1392800000,8
1736Y-1392900000,7
1736Y-1393000000,8
1736Y-1393100000,7
1736Y-1393200000,8
1736Y-1393300000,8
1736Y-1393400000,7
1736Y-1393500000,7
1736Y-1393600000,8
1736Y-1393700000,7
1736Y-1393800000,7
1736Y-1393900000,7
1736Y-1394000000,8
1736Y-1394100000,8
1736Y-1394200000,7
1736Y-1394300000,8
1736Y-1394400000,7
1736Y-1394500000,7
1736Y-1394600000,7
1736Y-1394700000,NA
1736Y-1394800000,7
1736Y-1394900000,7
1736Y-1395000000,8
1736Y-1395100000,8
1736Y-1395200000,7
1736Y-1395300000,8
1736Y-1395400000,7
1736Y-1395500000,7
1736Y-1395600000,7
1736Y-1395800000,7
1736Y-1395900000,8
1736Y-1396000000,8
1736Y-1396100000,8
1736Y-1396200000,7
1736Y-1396300000,8
1736Y-1396400000,8
1736Y-1396500000,8
1736Y-1396600000,8
1736Y-1396700000,7
1736Y-1396800000,7
1736Y-1396900000,7
1736Y-1397000000,8
1736Y-1397100000,7
1736Y-1397200000,8
1736Y-1397300000,8
1736Y-1397400000,8
1736Y-1397500000,7
1736Y-1397600000,7
1736Y-1397700000,7
1736Y-1397800000,8
1736Y-1397900000,8
1736Y-1398000000,8
1736Y-1398100000,8
1736Y-1398200000,7
1736Y-1398300000,7
1736Y-1398400000,7
1736Y-1398500000,8
1736Y-1398600000,7
1736Y-1398700000,7
1736Y-1398800000,7
1736Y-1399000000,8
1736Y-1399100000,8
1736Y-1399200000,8
1736Y-1399300000,8
1736Y-1399400000,7
1736Y-1399500000,8
1736Y-1399600000,7
1736Y-1399700000,7
1736Y-1399800000,7
1736Y-1399900000,7
1736Y-1400000000,7
1736Y-1400100000,7
1736Y-1400200000,8
1736Y-1400300000,7
1736Y-1400400000,8
1736Y-1400500000,7
1736Y-1400600000,8
1736Y-1400700000,7
1736Y-1401700000,7
1736Y-1401800000,8
1736Y-1402000000,7
1736Y-1402100000,7
1736Y-1402200000,7
1736Y-1402300000,7
1736Y-1402400000,7
1736Y-1402500000,7
1736Y-1402600000,7
1736Y-1402700000,8
1736Y-1402800000,NA
1736Y-1402900000,8
1736Y-1403000000,8
1736Y-1403100000,7
1736Y-1403200000,8
1736Y-1403300000,7
1736Y-1403400000,7
1736Y-1403500000,8
1736Y-1403600000,8
1736Y-1403700000,7
1736Y-1403800000,7
1736Y-1403900000,8
1736Y-1404000000,8
1736Y-1404100000,7
1736Y-1404200000,8
1736Y-1404300000,7
1736Y-1404400000,8
1736Y-1404500000,7
1736Y-1404600000,7
1736Y-1404700000,8
1736Y-1404800000,8
1736Y-1404900000,8
1736Y-1405000000,8
1736Y-1405100000,7
1736Y-1405200000,8
1736Y-1405300000,7
1736Y-1405400000,7
1736Y-1405500000,8
1736Y-1405600000,7
1736Y-1405700000,7
1736Y-1405800000,7
1736Y-1405900000,8
1736Y-1414300000,7
1736Y-1414400000,8
1736Y-1414600000,7
1736Y-1414700000,7
1736Y-1414800000,8
1736Y-1415200000,8
1736Y-1415400000,7
1736Y-1416000000,7
1736Y-1423300000,8
1736Y-1423400000,7
1736Y-1455500000,8
1736Y-1456100000,7
1736Y-1456700000,7
1736Y-1457500000,8
1736Y-1457600000,8
1736Y-1458300000,7
1736Y-1461200000,8
1736Y-1462200000,8
1736Y-1512100000,8
1736Y-1512200000,7
1736Y-1512500000,8
1736Y-1512700000,8
1736Y-1513800000,8
1736Y-1514100000,8
1736Y-1514900000,7
1736Y-1516100000,7
1736Y-1516500000,8
1736Y-1516600000,8
