1736Y-1338400000,NBH-L2SE-AP251,D8:84:66:E2:43:28,56,11,172.21.69.8,NBH-A19-SW-2SE-Gi1/0/5
1736Y-1338700000,NBH-L2SE-AP250,D8:84:66:E2:43:37,48,6,172.21.68.153,NBH-A19-SW-2SE-Gi2/0/2
1736Y-1338800000,NBH-L2NE-AP253,D8:84:66:E2:43:3C,40,6,172.21.68.105,NBH-A19-SW-2SE-Gi1/0/1
1736Y-1338900000,NBH-GSW-AP052,D8:84:66:E2:43:41,36,1,172.21.71.76,NBH-A09-SW-GSW-Gi1/0/9
1736Y-1339000000,NBH-L2NW-AP254,D8:84:66:E2:43:46,48,11,172.21.70.247,NBH-A18-SW-2NW-Gi1/0/2
1736Y-1339100000,NBH-L2SE-AP252,D8:84:66:E2:43:4B,149,6,172.21.70.189,NBH-A19-SW-2SE-Gi1/0/3
1736Y-1339200000,NBH-L2SE-AP255,D8:84:66:E2:43:50,56,1,172.21.71.40,NBH-A19-SW-2SE-Gi2/0/3
1736Y-1339300000,NBH-L2SE-AP256,D8:84:66:E2:43:55,48,1,172.21.70.193,NBH-A19-SW-2SE-Gi4/0/4
1736Y-1339400000,NBH-GSW-AP053,D8:84:66:E2:43:5A,157,6,172.21.69.28,NBH-A09-SW-GSW-Gi2/0/10
1736Y-1339500000,NBH-GSE-AP051,D8:84:66:E2:43:5F,153,6,172.21.71.37,NBH-A08-SW-GSE-Gi2/0/17
1736Y-1339600000,NBH-GSW-AP056,D8:84:66:E2:43:64,44,1,172.21.71.100,NBH-A09-SW-GSW-Gi1/0/11
1736Y-1339700000,NBH-GSW-AP637,D8:84:66:E2:43:69,153,1,172.21.69.106,NBH-A09-SW-GSW-Gi5/0/47
1736Y-1339800000,NBH-L7NE-AP615,D8:84:66:E2:43:6E,157,6,172.21.71.160,NBH-A37-SW-7NE-Gi1/0/20
1736Y-1339900000,NBH-L7NE-AP614,D8:84:66:E2:43:73,161,11,172.21.71.127,NBH-A37-SW-7NE-Gi1/0/19
1736Y-1340000000,NBH-GSW-AP054,D8:84:66:E2:43:78,157,1,172.21.71.35,NBH-A09-SW-GSW-Gi3/0/12
1736Y-1340100000,NBH-GSW-AP055,D8:84:66:E2:43:7D,44,6,172.21.71.142,NBH-A09-SW-GSW-Gi2/0/9
1736Y-1340200000,NBH-L2SW-AP257,D8:84:66:E2:43:82,44,1,172.21.70.229,NBH-A20-SW-2SW-Gi4/0/5
1736Y-1340300000,NBH-BNW-AP638,D8:84:66:E2:43:87,149,1,172.21.69.87,NBH-A04-SW-BNW-Gi1/0/3
1736Y-1340400000,NBH-L7NE-AP617,D8:84:66:E2:43:8C,44,6,172.21.70.211,NBH-A25-SW-4NE-Gi1/0/6
1736Y-1340500000,NBH-GNE-AP059,D8:84:66:E2:43:91,44,1,172.21.70.190,NBH-A05-SW-GNE-Gi3/0/4
1736Y-1340600000,NBH-GSE-AP058,D8:84:66:E2:43:96,48,11,172.21.71.20,NBH-A08-SW-GSE-Gi3/0/16
1736Y-1340700000,NBH-GNE-AP057,D8:84:66:E2:43:9B,40,6,172.21.71.82,NBH-A05-SW-GNE-Gi2/0/5
1736Y-1340800000,NBH-L2SW-AP258,D8:84:66:E2:43:A0,161,1,172.21.71.52,NBH-A20-SW-2SW-Gi1/0/4
1736Y-1340900000,NBH-L3SW-AP341,D8:84:66:E2:43:A5,161,6,172.21.71.117,NBH-A24-SW-3SW-Gi1/0/4
1736Y-1341000000,NBH-L5SW-AP671,D8:84:66:E2:43:AA,161,11,172.21.71.3,NBH-A32-SW-5SW-Gi1/0/3
1736Y-1341100000,NBH-L7NE-AP616,D8:84:66:E2:43:AF,157,11,172.21.71.95,NBH-A37-SW-7NE-Gi1/0/3
1736Y-1341200000,NBH-GSE-AP061,D8:84:66:E2:43:B4,36,11,172.21.71.39,NBH-A08-SW-GSE-Gi4/0/17
1736Y-1341300000,NBH-L7NW-AP618,D8:84:66:E2:43:B9,161,6,172.21.70.208,NBH-A38-SW-7NW-Gi1/0/8
1736Y-1341400000,NBH-L5SE-AP484,D8:84:66:E2:43:BE,165,11,172.21.71.158,NBH-A31-SW-5SE-Gi3/0/4
1736Y-1341500000,NBH-GSW-AP060,D8:84:66:E2:43:C3,161,11,172.21.71.79,NBH-A09-SW-GSW-Gi5/0/10
1736Y-1341600000,NBH-GSW-AP062,D8:84:66:E2:43:C8,48,1,172.21.70.239,NBH-A09-SW-GSW-Gi1/0/1
1736Y-1341700000,NBH-L5SW-AP483,D8:84:66:E2:43:CD,149,1,172.21.70.175,NBH-A32-SW-5SW-Gi3/0/3
1736Y-1341800000,NBH-L1SW-AP155,D8:84:66:E2:43:D2,153,1,172.21.71.56,NBH-A16-SW-1SW-Gi4/0/1
1736Y-1341900000,NBH-L3SE-AP340,D8:84:66:E2:43:D7,auto,1,172.21.71.125,NBH-A23-SW-3SE-Gi3/0/2
1736Y-1342000000,NBH-L3SW-AP342,D8:84:66:E2:43:DC,149,11,172.21.71.135,NBH-A24-SW-3SW-Gi1/0/7
1736Y-1342100000,NBH-GNE-AP063,D8:84:66:E2:43:E1,36,1,172.21.71.30,NBH-A05-SW-GNE-Gi3/0/6
1736Y-1342200000,NBH-L5SW-AP485,D8:84:66:E2:43:E6,100,11,172.21.70.240,NBH-A32-SW-5SW-Gi2/0/3
1736Y-1342300000,NBH-L2SW-AP294,D8:84:66:E2:43:EB,165,11,172.21.71.53,NBH-A20-SW-2SW-Gi5/0/5
1736Y-1342400000,NBH-L7NW-AP613,D8:84:66:E2:43:F0,165,11,172.21.71.80,NBH-A38-SW-7NW-Gi1/0/7
1736Y-1342500000,NBH-L2NW-AP295,D8:84:66:E2:43:F5,36,6,172.21.71.134,NBH-A18-SW-2NW-Gi2/0/3
1736Y-1342600000,NBH-L2NW-AP293,D8:84:66:E2:43:FA,44,1,172.21.70.242,NBH-A18-SW-2NW-Gi2/0/1
1736Y-1342700000,NBH-GSE-AP064,D8:84:66:E2:43:FF,149,6,172.21.71.97,NBH-A08-SW-GSE-Gi3/0/17
1736Y-1342800000,NBH-L2NE-AP259,D8:84:66:E2:44:04,100,11,172.21.71.50,NBH-A17-SW-2NE-Gi1/0/2
1736Y-1342900000,NBH-GSW-AP066,D8:84:66:E2:44:09,40,6,172.21.71.167,NBH-A09-SW-GSW-Gi3/0/9
1736Y-1343000000,NBH-L2SE-AP260,D8:84:66:E2:44:0E,40,1,172.21.70.201,NBH-A19-SW-2SE-Gi3/0/2
1736Y-1343100000,NBH-L4NW-AP410,D8:84:66:E2:44:13,52,1,172.21.71.131,NBH-A26-SW-4NW-Gi3/0/4
1736Y-1343200000,NBH-L4NW-AP412,D8:84:66:E2:44:18,48,6,172.21.70.243,NBH-A26-SW-4NW-Gi3/0/3
1736Y-1343300000,NBH-GNE-AP065,D8:84:66:E2:44:1D,44,11,172.21.70.206,NBH-A05-SW-GNE-Gi2/0/6
1736Y-1343400000,NBH-L6NE-AP549,D8:84:66:E2:44:22,165,11,172.21.70.228,NBH-A33-SW-6NE-Gi1/0/5
1736Y-1343500000,NBH-L4NW-AP411,D8:84:66:E2:44:27,149,1,172.21.70.180,NBH-A26-SW-4NW-Gi1/0/4
1736Y-1343600000,NBH-L6NE-AP550,D8:84:66:E2:44:2C,153,6,172.21.70.212,NBH-A33-SW-6NE-Gi1/0/8
1736Y-1343700000,NBH-L4NW-AP413,D8:84:66:E2:44:31,165,11,172.21.71.33,NBH-A26-SW-4NW-Gi2/0/4
1736Y-1343800000,NBH-L1NE-AP157,D8:84:66:E2:44:36,48,6,172.21.71.22,NBH-A10-SW-1NE-Gi1/0/7
1736Y-1343900000,NBH-L4NW-AP416,D8:84:66:E2:44:3B,44,11,172.21.71.21,NBH-A26-SW-4NW-Gi3/0/1
1736Y-1344000000,NBH-BNW-AP639,D8:84:66:E2:44:40,36,6,172.21.71.115,NBH-A04-SW-BNW-Gi1/0/5
1736Y-1344100000,NBH-L1NE-AP156,D8:84:66:E2:44:45,149,1,172.21.71.143,NBH-A10-SW-1NE-Gi2/0/9
1736Y-1344200000,NBH-L4NW-AP415,D8:84:66:E2:44:4A,40,1,172.21.70.253,NBH-A26-SW-4NW-Gi2/0/5
1736Y-1344300000,NBH-L4NW-AP414,D8:84:66:E2:44:4F,157,1,172.21.70.244,NBH-A26-SW-4NW-Gi3/0/5
1736Y-1344400000,NBH-L6NW-AP673,D8:84:66:E2:44:54,100,1,172.21.71.29,NBH-A34-SW-6NW-Gi2/0/11
1736Y-1344500000,NBH-L4NW-AP417,D8:84:66:E2:44:59,161,11,172.21.71.130,NBH-A26-SW-4NW-Gi2/0/2
1736Y-1344600000,NBH-L1SW-AP160,D8:84:66:E2:44:5E,165,6,172.21.71.16,NBH-A16-SW-1SW-Gi2/0/1
1736Y-1344700000,NBH-GNE-AP067,D8:84:66:E2:44:63,153,11,172.21.70.216,NBH-A05-SW-GNE-Gi1/0/2
1736Y-1344800000,NBH-L5SW-AP679,D8:84:66:E2:44:68,165,11,172.21.68.211,NBH-A32-SW-5SW-Gi1/0/2
1736Y-1344900000,NBH-L1SW-AP159,D8:84:66:E2:44:6D,48,6,172.21.71.61,NBH-A16-SW-1SW-Gi3/0/2
1736Y-1345000000,NBH-L1NE-AP158,D8:84:66:E2:44:72,116,11,172.21.71.81,NBH-A10-SW-1NE-Gi2/0/8
1736Y-1345100000,NBH-L5SW-AP673,D8:84:66:E2:44:77,100,11,172.21.71.122,NBH-A32-SW-5SW-Gi3/0/1
1736Y-1345200000,NBH-L5SE-AP486,D8:84:66:E2:44:7C,40,11,172.21.71.138,NBH-A31-SW-5SE-Gi1/0/6
1736Y-1345300000,NBH-L5SE-AP488,D8:84:66:E2:44:81,48,1,172.21.71.66,NBH-A31-SW-5SE-Gi3/0/3
1736Y-1345400000,NBH-L5SE-AP487,D8:84:66:E2:44:86,36,11,172.21.71.149,NBH-A31-SW-5SE-Gi1/0/3
1736Y-1345500000,NBH-L3SW-AP343,D8:84:66:E2:44:8B,165,11,172.21.71.146,NBH-A24-SW-3SW-Gi2/0/3
1736Y-1345600000,NBH-L3SW-AP344,D8:84:66:E2:44:90,161,6,172.21.70.225,NBH-A24-SW-3SW-Gi1/0/8
1736Y-1345700000,NBH-L4NW-AP418,D8:84:66:E2:44:95,165,6,172.21.71.6,NBH-A26-SW-4NW-Gi1/0/3
1736Y-1345800000,NBH-BNE-AP011,D8:84:66:E2:44:9A,149,1,172.21.70.255,NBH-A03-SW-BNE-Gi3/0/3
1736Y-1345900000,NBH-GNE-AP068,D8:84:66:E2:44:9F,44,6,172.21.69.239,NBH-A05-SW-GNE-Gi2/0/1
1736Y-1346000000,NBH-L5SE-AP489,D8:84:66:E2:44:A4,52,6,172.21.71.161,NBH-A31-SW-5SE-Gi3/0/1
1736Y-1346100000,NBH-GNE-AP069,D8:84:66:E2:44:A9,149,6,172.21.70.221,NBH-A05-SW-GNE-Gi4/0/1
1736Y-1346200000,NBH-L1NE-AP161,D8:84:66:E2:44:AE,153,1,172.21.69.167,NBH-A10-SW-1NE-Gi2/0/2
1736Y-1346300000,NBH-L5NW-AP490,D8:84:66:E2:44:B3,161,11,172.21.70.33,NBH-A30-SW-5NW-Gi1/0/7
1736Y-1346400000,NBH-L6NW-AP551,D8:84:66:E2:44:B8,44,1,172.21.71.170,NBH-A34-SW-6NW-Gi2/0/12
1736Y-1346500000,NBH-L1NE-AP162,D8:84:66:E2:44:BD,132,6,172.21.71.78,NBH-A10-SW-1NE-Gi1/0/9
1736Y-1346600000,NBH-L1NW-AP163,D8:84:66:E2:44:C2,40,1,172.21.71.57,NBH-A12-SW-1NW-Gi5/0/2
1736Y-1346700000,NBH-BNE-AP012,D8:84:66:E2:44:C7,149,1,172.21.70.185,NBH-A03-SW-BNE-Gi3/0/7
1736Y-1346800000,NBH-L3SW-AP345,D8:84:66:E2:44:CC,165,11,172.21.71.31,NBH-A24-SW-3SW-Gi2/0/8
1736Y-1346900000,NBH-L3SW-AP346,D8:84:66:E2:44:D1,44,1,172.21.70.179,NBH-A24-SW-3SW-Gi1/0/5
1736Y-1347000000,NBH-BNE-AP013,D8:84:66:E2:44:D6,36,1,172.21.71.59,NBH-A03-SW-BNE-Gi3/0/4
1736Y-1347100000,NBH-L4NW-AP419,D8:84:66:E2:44:DB,153,11,172.21.70.220,NBH-A26-SW-4NW-Gi1/0/6
1736Y-1347200000,NBH-L6NW-AP552,D8:84:66:E2:44:E0,40,11,172.21.70.184,NBH-A34-SW-6NW-Gi1/0/13
1736Y-1347300000,NBH-L1NW-AP164,D8:84:66:E2:44:E5,161,11,172.21.70.188,NBH-A12-SW-1NW-Gi2/0/5
1736Y-1347400000,NBH-GNE-AP070,D8:84:66:E2:44:EA,40,11,172.21.71.55,NBH-A05-SW-GNE-Gi2/0/3
1736Y-1347500000,NBH-L1NW-AP165,D8:84:66:E2:44:EF,161,1,172.21.71.72,NBH-A12-SW-1NW-Gi3/0/5
1736Y-1347600000,NBH-L4NE-AP420,D8:84:66:E2:44:F4,44,11,172.21.71.58,NBH-A25-SW-4NE-Gi1/0/2
1736Y-1347700000,NBH-L4NW-AP421,D8:84:66:E2:44:F9,48,1,172.21.71.102,NBH-A26-SW-4NW-Gi1/0/2
1736Y-1347800000,NBH-L1NW-AP166,D8:84:66:E2:44:FE,48,11,172.21.70.197,NA
1736Y-1347900000,NBH-L4NW-AP422,D8:84:66:E2:45:03,36,6,172.21.71.32,NBH-A26-SW-4NW-Gi2/0/3
1736Y-1348000000,NBH-L3SW-AP348,D8:84:66:E2:45:08,153,6,172.21.71.151,NBH-A24-SW-3SW-Gi1/0/6
1736Y-1348100000,NBH-GSE-AP071,D8:84:66:E2:45:0D,157,6,172.21.70.204,NBH-A08-SW-GSE-Gi3/0/13
1736Y-1348200000,NBH-L3SE-AP347,D8:84:66:E2:45:12,40,6,172.21.71.114,NBH-A27-SW-4SE-Gi4/0/1
1736Y-1348300000,NBH-L5SW-AP491,D8:84:66:E2:45:17,40,6,172.21.71.51,NBH-A32-SW-5SW-Gi3/0/2
1736Y-1348400000,NBH-L8NE-AP665,D8:84:66:E2:45:1C,48,11,172.21.69.52,NBH-A37-SW-7NE-Gi1/0/41
1736Y-1348500000,NBH-GNW-AP073,D8:84:66:E2:45:21,36,6,172.21.70.250,NBH-A07-SW-GNW-Gi1/0/1
1736Y-1348600000,NBH-L1NE-AP167,D8:84:66:E2:45:26,44,11,172.21.71.45,NBH-A10-SW-1NE-Gi4/0/7
1736Y-1348700000,NBH-L4NW-AP423,D8:84:66:E2:45:2B,40,6,172.21.71.96,NBH-A26-SW-4NW-Gi1/0/1
1736Y-1348800000,NBH-L1SW-AP168,D8:84:66:E2:45:30,40,6,172.21.71.152,NBH-A16-SW-1SW-Gi3/0/3
1736Y-1348900000,NBH-L1NE-AP169,D8:84:66:E2:45:35,40,1,172.21.71.17,NBH-A10-SW-1NE-Gi4/0/6
1736Y-1349000000,NBH-GNW-AP072,D8:84:66:E2:45:3A,48,1,172.21.70.196,NBH-A07-SW-GNW-Gi5/0/4
1736Y-1349100000,NBH-L3NW-AP349,D8:84:66:E2:45:3F,149,11,172.21.71.153,NBH-A22-SW-3NW-Gi1/0/19
1736Y-1349200000,NBH-GNW-AP074,D8:84:66:E2:45:44,153,11,172.21.71.71,NBH-A07-SW-GNW-Gi3/0/2
1736Y-1349300000,NBH-L6NW-AP553,D8:84:66:E2:45:49,165,6,172.21.69.40,NBH-A34-SW-6NW-Gi2/0/4
1736Y-1349400000,NBH-L3NW-AP350,D8:84:66:E2:45:4E,153,1,172.21.71.83,NBH-A22-SW-3NW-Gi2/0/10
1736Y-1349500000,NBH-BNE-AP680,D8:84:66:E2:45:53,161,6,172.21.69.98,NBH-A03-SW-BNE-Gi1/0/38
1736Y-1349600000,NBH-GNW-AP075,D8:84:66:E2:45:58,165,6,172.21.71.67,NBH-A07-SW-GNW-Gi1/0/5
1736Y-1349700000,NBH-BSW-AP643,D8:84:66:E2:45:5D,165,11,172.21.70.215,NBH-A09-SW-GSW-Gi4/0/2
1736Y-1349800000,NBH-L6SW-AP554,D8:84:66:E2:45:62,149,1,172.21.71.23,NBH-A36-SW-6SW-Gi1/0/1
1736Y-1349900000,NBH-L2SE-AP261,D8:84:66:E2:45:67,157,6,172.21.71.110,NBH-A19-SW-2SE-Gi1/0/4
1736Y-1350000000,NBH-BNE-AP015,D8:84:66:E2:45:6C,161,11,172.21.71.65,NBH-A03-SW-BNE-Gi2/0/2
1736Y-1350100000,NBH-GNE-AP076,D8:84:66:E2:45:71,153,1,172.21.70.219,NBH-A05-SW-GNE-Gi4/0/6
1736Y-1350200000,NBH-BNW-AP640,D8:84:66:E2:45:76,40,1,172.21.71.148,NBH-A04-SW-BNW-Gi1/0/2
1736Y-1350300000,NBH-BSW-AP641,D8:84:66:E2:45:7B,161,1,172.21.71.60,NBH-A09-SW-GSW-Gi5/0/2
1736Y-1350400000,NBH-BNE-AP014,D8:84:66:E2:45:80,165,1,172.21.71.89,NBH-A03-SW-BNE-Gi2/0/1
1736Y-1350500000,NBH-L4SE-AP424,D8:84:66:E2:45:85,40,6,172.21.70.205,NBH-A27-SW-4SE-Gi1/0/4
1736Y-1350600000,NBH-L1SE-AP170,D8:84:66:E2:45:8A,52,1,172.21.71.116,NBH-A14-SW-1SE-Gi3/0/1
1736Y-1350700000,NBH-L2NW-AP262,D8:84:66:E2:45:8F,149,6,172.21.71.9,NBH-A38-SW-7NW-Gi1/0/18
1736Y-1350800000,NBH-GNW-AP079,D8:84:66:E2:45:94,44,1,172.21.71.103,NBH-A07-SW-GNW-Gi2/0/2
1736Y-1350900000,NBH-L5NW-AP492,D8:84:66:E2:45:99,36,6,172.21.71.49,NBH-A34-SW-6NW-Gi1/0/12
1736Y-1351000000,NBH-BNE-AP664,D8:84:66:E2:45:9E,52,1,172.21.69.99,NBH-A03-SW-BNE-Gi1/0/47
1736Y-1351100000,NBH-BNW-AP642,D8:84:66:E2:45:A3,48,11,172.21.69.89,NBH-A04-SW-BNW-Gi2/0/4
1736Y-1351200000,NBH-GNW-AP078,D8:84:66:E2:45:A8,100,6,172.21.71.26,NBH-A07-SW-GNW-Gi1/0/3
1736Y-1351300000,NBH-GNE-AP077,D8:84:66:E2:45:AD,149,6,172.21.70.232,NBH-A05-SW-GNE-Gi1/0/7
1736Y-1351400000,NBH-L3SE-AP351,D8:84:66:E2:45:B2,153,6,172.21.69.110,NBH-A23-SW-3SE-Gi3/0/1
1736Y-1351500000,NBH-L7NE-AP619,D8:84:66:E2:45:B7,165,11,172.21.70.223,NBH-A37-SW-7NE-Gi1/0/15
1736Y-1351600000,NBH-L6NW-AP555,D8:84:66:E2:45:BC,149,11,172.21.71.93,NBH-A34-SW-6NW-Gi1/0/4
1736Y-1351700000,NBH-L4SE-AP426,D8:84:66:E2:45:C1,36,1,172.21.70.230,NBH-A27-SW-4SE-Gi2/0/2
1736Y-1351800000,NBH-L5NE-AP493,D8:84:66:E2:45:C6,40,1,172.21.71.10,NBH-A29-SW-5NE-Gi3/0/1
1736Y-1351900000,NBH-L6NW-AP556,D8:84:66:E2:45:CB,157,1,172.21.71.139,NBH-A38-SW-7NW-Gi1/0/13
1736Y-1352000000,NBH-L4SW-AP427,D8:84:66:E2:45:D0,157,1,172.21.71.106,NBH-A28-SW-4SW-Gi3/0/2
1736Y-1352100000,NBH-L4SW-AP425,D8:84:66:E2:45:D5,161,6,172.21.71.11,NBH-A28-SW-4SW-Gi1/0/2
1736Y-1352200000,NBH-L5NW-AP494,D8:84:66:E2:45:DA,48,11,172.21.71.132,NBH-A30-SW-5NW-Gi3/0/7
1736Y-1352300000,NBH-BNW-AP644,D8:84:66:E2:45:DF,40,11,172.21.69.85,NBH-A04-SW-BNW-Gi1/0/6
1736Y-1352400000,NBH-L6NW-AP557,D8:84:66:E2:45:E4,40,1,172.21.71.88,NBH-A34-SW-6NW-Gi2/0/9
1736Y-1352500000,NBH-L5NW-AP498,D8:84:66:E2:45:E9,165,1,172.21.70.222,NBH-A30-SW-5NW-Gi3/0/6
1736Y-1352600000,NBH-L5NE-AP495,D8:84:66:E2:45:EE,149,11,172.21.71.133,NBH-A29-SW-5NE-Gi1/0/2
1736Y-1352700000,NBH-L5NE-AP497,D8:84:66:E2:45:F3,161,11,172.21.71.121,NBH-A29-SW-5NE-Gi1/0/1
1736Y-1352800000,NBH-L5NE-AP496,D8:84:66:E2:45:F8,157,6,172.21.71.7,NBH-A29-SW-5NE-Gi2/0/1
1736Y-1352900000,NBH-L4SW-AP429,D8:84:66:E2:45:FD,165,11,172.21.71.24,NBH-A28-SW-4SW-Gi2/0/2
1736Y-1353000000,NBH-L2SE-AP263,D8:84:66:E2:46:02,56,11,172.21.70.199,NBH-A19-SW-2SE-Gi2/0/1
1736Y-1353100000,NBH-L4NE-AP428,D8:84:66:E2:46:07,44,6,172.21.71.156,NBH-A25-SW-4NE-Gi3/0/3
1736Y-1353200000,NBH-L5NE-AP499,D8:84:66:E2:46:0C,36,11,172.21.70.236,NBH-A29-SW-5NE-Gi3/0/3
1736Y-1353300000,NBH-L5NW-AP500,D8:84:66:E2:46:11,149,1,172.21.68.79,NBH-A30-SW-5NW-Gi1/0/6
1736Y-1353400000,NBH-L4NE-AP432,D8:84:66:E2:46:16,40,1,172.21.71.8,NBH-A25-SW-4NE-Gi3/0/4
1736Y-1353500000,NBH-GNE-AP080,D8:84:66:E2:46:1B,100,6,172.21.71.136,NBH-A05-SW-GNE-Gi4/0/4
1736Y-1353600000,NBH-L2SE-AP264,D8:84:66:E2:46:20,149,11,172.21.71.128,NBH-A19-SW-2SE-Gi3/0/5
1736Y-1353700000,NBH-L4NE-AP430,D8:84:66:E2:46:25,48,11,172.21.71.91,NBH-A25-SW-4NE-Gi4/0/3
1736Y-1353800000,NBH-L4NE-AP431,D8:84:66:E2:46:2A,149,11,172.21.69.146,NBH-A25-SW-4NE-Gi4/0/4
1736Y-1353900000,NBH-L6NE-AP558,D8:84:66:E2:46:2F,161,6,172.21.70.182,NBH-A33-SW-6NE-Gi1/0/14
1736Y-1354000000,NBH-L4NE-AP434,D8:84:66:E2:46:34,153,6,172.21.71.137,NBH-A25-SW-4NE-Gi2/0/5
1736Y-1354100000,NBH-L4NE-AP437,D8:84:66:E2:46:39,161,1,172.21.68.132,NBH-A25-SW-4NE-Gi4/0/2
1736Y-1354200000,NBH-L2SE-AP267,D8:84:66:E2:46:3E,40,1,172.21.71.169,NBH-A19-SW-2SE-Gi2/0/5
1736Y-1354300000,NBH-L4NE-AP435,D8:84:66:E2:46:43,149,1,172.21.71.64,NBH-A25-SW-4NE-Gi1/0/4
1736Y-1354400000,NBH-L2SW-AP266,D8:84:66:E2:46:48,153,11,172.21.71.120,NBH-A20-SW-2SW-Gi3/0/4
1736Y-1354500000,NBH-L4NE-AP436,D8:84:66:E2:46:4D,153,6,172.21.70.234,NBH-A25-SW-4NE-Gi2/0/4
1736Y-1354600000,NBH-L2SE-AP265,D8:84:66:E2:46:52,36,6,172.21.71.98,NBH-A19-SW-2SE-Gi3/0/3
1736Y-1354700000,NBH-L4NE-AP433,D8:84:66:E2:46:57,36,6,172.21.71.46,NBH-A25-SW-4NE-Gi2/0/3
1736Y-1354800000,NBH-L2SE-AP269,D8:84:66:E2:46:5C,157,1,172.21.71.165,NBH-A19-SW-2SE-Gi3/0/1
1736Y-1354900000,NBH-L2NW-AP270,D8:84:66:E2:46:61,161,1,172.21.71.111,NBH-A18-SW-2NW-Gi1/0/3
1736Y-1355000000,NBH-L2SEAP271,D8:84:66:E2:46:66,48,1,172.21.71.107,NBH-A19-SW-2SE-Gi4/0/1
1736Y-1355100000,NBH-L7NW-AP620,D8:84:66:E2:46:6B,149,1,172.21.70.213,NBH-A38-SW-7NW-Gi1/0/6
1736Y-1355200000,NBH-L4NW-AP438,D8:84:66:E2:46:70,44,11,172.21.70.218,NBH-A26-SW-4NW-Gi1/0/5
1736Y-1355300000,NBH-GSE-AP081,D8:84:66:E2:46:75,153,1,172.21.71.84,NBH-A08-SW-GSE-Gi1/0/17
1736Y-1355400000,NBH-L2NW-AP268,D8:84:66:E2:46:7A,40,6,172.21.68.239,NBH-A18-SW-2NW-Gi3/0/1
1736Y-1355500000,NBH-BNE-AP016,D8:84:66:E2:46:7F,40,11,172.21.70.251,NBH-A03-SW-BNE-Gi1/0/5
1736Y-1355600000,NBH-L7NE-AP622,D8:84:66:E2:46:84,153,1,172.21.71.168,NBH-A37-SW-7NE-Gi1/0/6
1736Y-1355700000,NBH-L7NE-AP621,D8:84:66:E2:46:89,48,1,172.21.70.237,NBH-A37-SW-7NE-Gi1/0/18
1736Y-1355800000,NBH-L2NW-AP272,D8:84:66:E2:46:8E,44,6,172.21.70.177,NBH-A18-SW-2NW-Gi3/0/4
1736Y-1355900000,NBH-BSE-AP017,D8:84:66:E2:46:93,56,6,172.21.71.28,NBH-A08-SW-GSE-Gi3/0/3
1736Y-1356000000,NBH-BNE-AP018,D8:84:66:E2:46:98,153,1,172.21.71.86,NBH-A03-SW-BNE-Gi2/0/9
1736Y-1356100000,NBH-L5NE-AP501,D8:84:66:E2:46:9D,161,6,172.21.70.231,NBH-A29-SW-5NE-Gi3/0/7
1736Y-1356200000,NBH-L1NE-AP171,D8:84:66:E2:46:A2,128,11,172.21.70.238,NBH-A10-SW-1NE-Gi3/0/7
1736Y-1356300000,NBH-L2NW-AP273,D8:84:66:E2:46:A7,149,1,172.21.70.181,NBH-A18-SW-2NW-Gi3/0/2
1736Y-1356400000,NBH-L2NW-AP274,D8:84:66:E2:46:AC,36,1,172.21.71.74,NBH-A18-SW-2NW-Gi1/0/1
1736Y-1356500000,NBH-L2SE-AP275,D8:84:66:E2:46:B1,153,11,172.21.71.0,NA
1736Y-1356600000,NBH-L2NW-AP276,D8:84:66:E2:46:B6,161,6,172.21.71.166,NBH-A18-SW-2NW-Gi4/0/1
1736Y-1356700000,NBH-BSE-AP019,D8:84:66:E2:46:BB,161,11,172.21.71.155,NBH-A08-SW-GSE-Gi2/0/3
1736Y-1356800000,NBH-L6SE-AP559,D8:84:66:E2:46:C0,44,5,172.21.71.118,NBH-A39-SW-6E-Gi3/0/5
1736Y-1357000000,NBH-L5NW-AP502,D8:84:66:E2:46:CA,44,1,172.21.69.234,NBH-A30-SW-5NW-Gi1/0/2
1736Y-1357100000,NBH-GSE-AP082,D8:84:66:E2:46:CF,40,1,172.21.71.41,NBH-A08-SW-GSE-Gi2/0/20
1736Y-1357200000,NBH-BNE-AP022,D8:84:66:E2:46:D4,60,6,172.21.71.87,NBH-A03-SW-BNE-Gi2/0/7
1736Y-1357300000,NBH-BSE-AP021,D8:84:66:E2:46:D9,157,1,172.21.70.214,NBH-A08-SW-GSE-Gi1/0/4
1736Y-1357400000,NBH-L6SE-AP560,D8:84:66:E2:46:DE,40,11,172.21.71.163,NBH-A39-SW-6E-Gi1/0/7
1736Y-1357500000,NBH-L5NW-AP503,D8:84:66:E2:46:E3,165,6,172.21.70.203,NBH-A30-SW-5NW-Gi1/0/3
1736Y-1357600000,NBH-L7NE-AP623,D8:84:66:E2:46:E8,44,11,172.21.70.207,NBH-A37-SW-7NE-Gi1/0/21
1736Y-1357700000,NBH-BSE-AP020,D8:84:66:E2:46:ED,44,6,172.21.71.27,NBH-A08-SW-GSE-Gi3/0/2
1736Y-1357800000,NBH-L1NE-AP172,D8:84:66:E2:46:F2,153,6,172.21.71.150,NBH-A10-SW-1NE-Gi4/0/9
1736Y-1358000000,NBH-BSE-AP023,D8:84:66:E2:46:FC,165,11,172.21.70.248,NBH-A08-SW-GSE-Gi4/0/3
1736Y-1358100000,NBH-L1SW-AP173,D8:84:66:E2:47:01,157,11,172.21.71.13,NBH-A16-SW-1SW-Gi1/0/2
1736Y-1358200000,NBH-GSE-AP083,D8:84:66:E2:47:06,157,11,172.21.70.195,NBH-A08-SW-GSE-Gi3/0/18
1736Y-1358300000,NBH-L1SW-AP174,D8:84:66:E2:47:0B,36,1,172.21.70.245,NBH-A16-SW-1SW-Gi2/0/4
1736Y-1358400000,NBH-L5SW-AP505,D8:84:66:E2:47:10,40,1,172.21.70.217,NBH-A32-SW-5SW-Gi2/0/5
1736Y-1358500000,NBH-L5NE-AP504,D8:84:66:E2:47:15,44,1,172.21.71.119,NBH-A29-SW-5NE-Gi1/0/9
1736Y-1358600000,NBH-BSE-AP024,D8:84:66:E2:47:1A,100,1,172.21.71.15,NBH-A08-SW-GSE-Gi4/0/2
1736Y-1358700000,NBH-L5SW-AP506,D8:84:66:E2:47:1F,153,6,172.21.71.34,NBH-A32-SW-5SW-Gi3/0/6
1736Y-1358800000,NBH-L1SW-AP176,D8:84:66:E2:47:24,165,1,172.21.70.174,NBH-A16-SW-1SW-Gi3/0/4
1736Y-1358900000,NBH-L1SE-AP175,D8:84:66:E2:47:29,161,6,172.21.71.69,NBH-A14-SW-1SE-Gi4/0/2
1736Y-1359000000,NBH-L5SW-AP507,D8:84:66:E2:47:2E,157,11,172.21.71.105,NBH-A32-SW-5SW-Gi1/0/6
1736Y-1359100000,NBH-GNE-AP084,D8:84:66:E2:47:33,149,1,172.21.71.159,NBH-A05-SW-GNE-Gi1/0/1
1736Y-1359200000,NBH-L5SW-AP508,D8:84:66:E2:47:38,161,1,172.21.71.5,NBH-A32-SW-5SW-Gi3/0/5
1736Y-1359300000,NBH-L5NE-AP509,D8:84:66:E2:47:3D,36,6,172.21.71.63,NBH-A29-SW-5NE-Gi2/0/9
1736Y-1359400000,NBH-L5NE-AP510,D8:84:66:E2:47:42,44,6,172.21.71.44,NBH-A29-SW-5NE-Gi2/0/5
1736Y-1359500000,NBH-L1SE-AP177,D8:84:66:E2:47:47,157,1,172.21.71.54,NBH-A14-SW-1SE-Gi3/0/2
1736Y-1359600000,NBH-L5NE-AP511,D8:84:66:E2:47:4C,153,11,172.21.71.112,NBH-A29-SW-5NE-Gi1/0/7
1736Y-1359700000,NBH-L5SW-AP512,D8:84:66:E2:47:51,44,6,172.21.70.246,NBH-A32-SW-5SW-Gi2/0/1
1736Y-1359800000,NBH-L5NE-AP515,D8:84:66:E2:47:56,40,1,172.21.71.2,NBH-A29-SW-5NE-Gi2/0/7
1736Y-1359900000,NBH-L5SW-AP514,D8:84:66:E2:47:5B,48,11,172.21.71.38,NBH-A32-SW-5SW-Gi1/0/1
1736Y-1360000000,NBH-GSW-AP086,D8:84:66:E2:47:60,112,6,172.21.71.99,NBH-A09-SW-GSW-Gi4/0/12
1736Y-1360100000,NBH-GNW-AP085,D8:84:66:E2:47:65,157,1,172.21.71.43,NBH-A07-SW-GNW-Gi2/0/4
1736Y-1360200000,NBH-L5SW-AP513,D8:84:66:E2:47:6A,149,1,172.21.70.254,NBH-A32-SW-5SW-Gi2/0/6
1736Y-1360300000,NBH-GNW-AP087,D8:84:66:E2:47:6F,44,11,172.21.71.19,NBH-A07-SW-GNW-Gi2/0/5
1736Y-1360400000,NBH-L5NE-AP517,D8:84:66:E2:47:74,157,11,172.21.71.104,NBH-A29-SW-5NE-Gi3/0/6
1736Y-1360500000,NBH-GNW-AP089,D8:84:66:E2:47:79,40,1,172.21.71.108,NBH-A07-SW-GNW-Gi2/0/3
1736Y-1360600000,NBH-L6NW-AP563,D8:84:66:E2:47:7E,48,6,172.21.71.18,NBH-A34-SW-6NW-Gi2/0/2
1736Y-1360700000,NBH-L1NE-AP178,D8:84:66:E2:47:83,36,1,172.21.70.227,NBH-A10-SW-1NE-Gi3/0/8
1736Y-1360800000,NBH-L6SE-AP562,D8:84:66:E2:47:88,36,11,172.21.70.183,NBH-A39-SW-6E-Gi2/0/1
1736Y-1360900000,NBH-L5SW-AP516,D8:84:66:E2:47:8D,36,6,172.21.70.241,NBH-A32-SW-5SW-Gi2/0/4
1736Y-1361000000,NBH-L6SE-AP561,D8:84:66:E2:47:92,48,6,172.21.71.124,NBH-A39-SW-6E-Gi3/0/1
1736Y-1361100000,NBH-GNW-AP088,D8:84:66:E2:47:97,161,11,172.21.71.75,NBH-A07-SW-GNW-Gi1/0/2
1736Y-1361200000,NBH-L6SE-AP565,D8:84:66:E2:47:9C,153,1,172.21.68.109,NBH-A39-SW-6E-Gi1/0/5
1736Y-1361300000,NBH-GNE-AP092,D8:84:66:E2:47:A1,153,6,172.21.70.187,NBH-A05-SW-GNE-Gi3/0/3
1736Y-1361400000,NBH-BSE-AP025,D8:84:66:E2:47:A6,48,11,172.21.70.226,NBH-A08-SW-GSE-Gi3/0/1
1736Y-1361500000,NBH-GSE-AP091,D8:84:66:E2:47:AB,48,6,172.21.71.90,NBH-A08-SW-GSE-Gi1/0/20
1736Y-1361700000,NBH-L6NW-AP564,D8:84:66:E2:47:B5,157,6,172.21.71.123,NBH-A34-SW-6NW-Gi1/0/9
1736Y-1361800000,NBH-L6SE-AP566,D8:84:66:E2:47:BA,153,6,172.21.69.184,NBH-A39-SW-6E-Gi1/0/1
1736Y-1361900000,NBH-GNW-AP090,D8:84:66:E2:47:BF,36,11,172.21.70.178,NBH-A07-SW-GNW-Gi3/0/5
1736Y-1362000000,NBH-L1NE-AP179,D8:84:66:E2:47:C4,149,6,172.21.70.192,NBH-A10-SW-1NE-Gi2/0/7
1736Y-1362100000,NBH-GNW-AP095,D8:84:66:E2:47:C9,157,6,172.21.70.224,NBH-A07-SW-GNW-Gi4/0/2
1736Y-1362200000,NBH-L5NE-AP518,D8:84:66:E2:47:CE,165,6,172.21.71.109,NBH-A29-SW-5NE-Gi2/0/8
1736Y-1362300000,NBH-GSE-AP094,D8:84:66:E2:47:D3,149,1,172.21.71.140,NBH-A08-SW-GSE-Gi2/0/19
1736Y-1362400000,NBH-GNE-AP093,D8:84:66:E2:47:D8,36,1,172.21.71.129,NBH-A05-SW-GNE-Gi4/0/5
1736Y-1362500000,NBH-L4NE-AP439,D8:84:66:E2:47:DD,48,11,172.21.71.12,NBH-A25-SW-4NE-Gi2/0/1
1736Y-1362600000,NBH-GSE-AP645,D8:84:66:E2:47:E2,52,6,172.21.69.115,NBH-A08-SW-GSE-Gi1/0/18
1736Y-1362700000,NBH-L3NW-AP352,D8:84:66:E2:47:E7,165,6,172.21.71.4,NBH-A22-SW-3NW-Gi2/0/6
1736Y-1362800000,NBH-L4NE-AP440,D8:84:66:E2:47:EC,161,1,172.21.71.68,NBH-A25-SW-4NE-Gi1/0/3
1736Y-1362900000,NBH-GNE-AP096,D8:84:66:E2:47:F1,157,1,172.21.71.70,NBH-A05-SW-GNE-Gi2/0/30
1736Y-1363000000,NBH-L3SE-AP353,D8:84:66:E2:47:F6,44,11,172.21.71.144,NBH-A23-SW-3SE-Gi3/0/6
1736Y-1363100000,NBH-GSE-AP097,D8:84:66:E2:47:FB,44,6,172.21.71.1,NBH-A08-SW-GSE-Gi2/0/18
1736Y-1363200000,NBH-BSW-AP646,D8:84:66:E2:48:00,157,6,172.21.70.124,NBH-A09-SW-GSW-Gi1/0/3
1736Y-1363300000,NBH-L1NW-AP180,D8:84:66:E2:48:05,165,6,172.21.71.94,NBH-A12-SW-1NW-Gi5/0/6
1736Y-1363400000,NBH-GNE-AP663,D8:84:66:E2:48:0A,52,6,172.21.69.101,NBH-A05-SW-GNE-Gi5/0/42
1736Y-1363500000,NBH-GSE-AP098,D8:84:66:E2:48:0F,161,6,172.21.70.202,NBH-A08-SW-GSE-Gi4/0/14
1736Y-1363600000,NBH-L3SE-AP354,D8:84:66:E2:48:14,149,11,172.21.70.252,NBH-A23-SW-3SE-Gi1/0/1
1736Y-1363700000,NBH-GNE-AP100,D8:84:66:E2:48:19,48,1,172.21.71.62,NBH-A05-SW-GNE-Gi3/0/2
1736Y-1363800000,NBH-BSE-AP026,D8:84:66:E2:48:1E,157,11,172.21.71.126,NBH-A08-SW-GSE-Gi1/0/1
1736Y-1363900000,NBH-GSE-AP101,D8:84:66:E2:48:23,165,11,172.21.71.47,NBH-A08-SW-GSE-Gi1/0/19
1736Y-1364000000,NBH-BSW-AP027,D8:84:66:E2:48:28,44,1,172.21.69.36,NBH-A09-SW-GSW-Gi5/0/1
1736Y-1364100000,NBH-L4NW-AP441,D8:84:66:E2:48:2D,40,1,172.21.71.77,NBH-A26-SW-4NW-Gi2/0/8
1736Y-1364200000,NBH-BNE-AP647,D8:84:66:E2:48:32,157,6,172.21.69.92,NBH-A03-SW-BNE-Gi3/0/1
1736Y-1364300000,NBH-GNE-AP099,D8:84:66:E2:48:37,36,1,172.21.68.104,NBH-A05-SW-GNE-Gi1/0/3
1736Y-1364400000,NBH-L4NE-AP382,D8:84:66:E2:48:3C,48,6,172.21.68.216,NBH-A25-SW-4NE-Gi1/0/6
1736Y-1364500000,NBH-L6NE-AP530,D8:84:66:E2:48:41,149,6,172.21.71.154,NBH-A33-SW-6NE-Gi1/0/1
1736Y-1364600000,NBH-L6NE-AP531,D8:84:66:E2:48:46,48,1,172.21.70.200,NBH-A33-SW-6NE-Gi1/0/2
1736Y-1364700000,NBH-GNE-AP040,D8:84:66:E2:48:4B,165,11,172.21.70.233,NBH-A05-SW-GNE-Gi3/0/1
1736Y-1364800000,NBH-L1NW-AP128,D8:84:66:E2:48:50,161,6,172.21.70.235,NBH-A12-SW-1NW-Gi4/0/1
1736Y-1364900000,NBH-GSW-AP041,D8:84:66:E2:48:55,36,1,172.21.69.135,NBH-A09-SW-GSW-Gi5/0/12
1736Y-1365000000,NBH-L1NW-AP127,D8:84:66:E2:48:5A,44,6,172.21.71.36,NBH-A12-SW-1NW-Gi5/0/4
1736Y-1365100000,NBH-L4NE-AP381,D8:84:66:E2:48:5F,157,6,172.21.68.101,NBH-A25-SW-4NE-Gi3/0/2
1736Y-1365200000,NBH-GSE-AP042,D8:84:66:E2:48:64,36,6,172.21.71.210,NBH-A08-SW-GSE-Gi4/0/18
1736Y-1365300000,NBH-L6NE-AP534,D8:84:66:E2:48:69,36,11,172.21.68.228,NBH-A33-SW-6NE-Gi1/0/7
1736Y-1365400000,NBH-L4NE-AP383,D8:84:66:E2:48:6E,36,6,172.21.71.157,NBH-A25-SW-4NE-Gi1/0/1
1736Y-1365500000,NBH-L1NW-AP129,D8:84:66:E2:48:73,48,1,172.21.71.42,NBH-A12-SW-1NW-Gi4/0/4
1736Y-1365600000,NBH-L3SW-AP304,D8:84:66:E2:48:78,157,6,172.21.71.172,NBH-A24-SW-3SW-Gi1/0/9
1736Y-1365700000,NBH-L5NE-AP455,D8:84:66:E2:48:7D,149,1,172.21.71.162,NBH-A29-SW-5NE-Gi2/0/6
1736Y-1365800000,NBH-L6NW-AP533,D8:84:66:E2:48:82,44,11,172.21.71.14,NBH-A34-SW-6NW-Gi1/0/10
1736Y-1365900000,NBH-L6NW-AP532,D8:84:66:E2:48:87,48,6,172.21.70.121,NBH-A34-SW-6NW-Gi1/0/11
1736Y-1366000000,NBH-L6NE-AP535,D8:84:66:E2:48:8C,161,11,172.21.70.186,NBH-A33-SW-6NE-Gi1/0/9
1736Y-1366100000,NBH-GNE-AP043,D8:84:66:E2:48:91,161,11,172.21.70.198,NBH-A05-SW-GNE-Gi3/0/5
1736Y-1366200000,NBH-L4NW-AP384,D8:84:66:E2:48:96,44,11,172.21.71.147,NBH-A26-SW-4NW-Gi1/0/8
1736Y-1366300000,NBH-L5NW-AP457,D8:84:66:E2:48:9B,40,6,172.21.69.227,NBH-A30-SW-5NW-Gi2/0/2
1736Y-1366400000,NBH-L5NW-AP456,D8:84:66:E2:48:A0,153,6,172.21.68.38,NBH-A30-SW-5NW-Gi1/0/5
1736Y-1366500000,NBH-BNE-AP001,D8:84:66:E2:48:A5,48,11,172.21.71.113,NBH-A03-SW-BNE-Gi3/0/6
1736Y-1366600000,NBH-L3NE-AP305,D8:84:66:E2:48:AA,149,11,172.21.71.73,NBH-A21-SW-3NE-Gi1/0/4
1736Y-1366700000,NBH-L1SE-AP214,D8:84:66:E2:48:AF,40,6,172.21.70.210,NBH-A14-SW-1SE-Gi1/0/2
1736Y-1366800000,NBH-L4NE-AP385,D8:84:66:E2:48:B4,165,6,172.21.71.175,NBH-A25-SW-4NE-Gi2/0/2
1736Y-1366900000,NBH-L1SW-AP130,D8:84:66:E2:48:B9,161,1,172.21.71.164,NBH-A16-SW-1SW-Gi1/0/3
1736Y-1367000000,NBH-L5NW-AP458,D8:84:66:E2:48:BE,165,11,172.21.71.101,NBH-A30-SW-5NW-Gi1/0/1
1736Y-1367200000,NBH-L1SW-AP131,D8:84:66:E2:48:C8,149,11,172.21.71.171,NBH-A16-SW-1SW-Gi1/0/4
1736Y-1367300000,NBH-BNE-AP648,D8:84:66:E2:48:CD,40,1,172.21.69.93,NBH-A03-SW-BNE-Gi1/0/7
1736Y-1367400000,NBH-GNE-AP044,D8:84:66:E2:48:D2,44,6,172.21.69.250,NBH-A05-SW-GNE-Gi2/0/2
1736Y-1367500000,NBH-L4NE-AP386,D8:84:66:E2:48:D7,40,1,172.21.68.131,NBH-A25-SW-4NE-Gi3/0/1
1736Y-1367600000,NBH-L5NE-AP459,D8:84:66:E2:48:DC,48,11,172.21.71.85,NBH-A29-SW-5NE-Gi1/0/8
1736Y-1367700000,NBH-GSW-AP125,D8:84:66:E2:48:E1,48,6,172.21.71.173,NBH-A09-SW-GSW-Gi2/0/11
1736Y-1367800000,NBH-L1NE-AP134,D8:84:66:E2:48:E6,165,1,172.21.71.219,NBH-A10-SW-1NE-Gi3/0/1
1736Y-1367900000,NBH-L5NW-AP460,D8:84:66:E2:48:EB,161,6,172.21.68.46,NBH-A30-SW-5NW-Gi2/0/6
1736Y-1368000000,NBH-L3NW-AP306,D8:84:66:E2:48:F0,36,11,172.21.68.190,NBH-A21-SW-3NE-Gi1/0/5
1736Y-1368100000,NBH-L1NW-AP135,D8:84:66:E2:48:F5,165,6,172.21.68.71,NBH-A12-SW-1NW-Gi4/0/8
1736Y-1368200000,NBH-L1SE-AP133,D8:84:66:E2:48:FA,36,1,172.21.71.241,NBH-A14-SW-1SE-Gi2/0/4
1736Y-1368300000,NBH-L1NE-AP132,D8:84:66:E2:48:FF,104,11,172.21.71.237,NBH-A10-SW-1NE-Gi3/0/6
1736Y-1368400000,NBH-L3NE-AP308,D8:84:66:E2:49:04,157,1,172.21.68.221,NBH-A21-SW-3NE-Gi2/0/10
1736Y-1368500000,NBH-BNW-AP649,D8:84:66:E2:49:09,165,6,172.21.69.86,NBH-A04-SW-BNW-Gi2/0/7
1736Y-1368600000,NBH-L4NW-AP387,D8:84:66:E2:49:0E,36,6,172.21.68.170,NBH-A26-SW-4NW-Gi3/0/7
1736Y-1368700000,NBH-GSE-AP045,D8:84:66:E2:49:13,165,11,172.21.71.145,NBH-A08-SW-GSE-Gi3/0/19
1736Y-1368800000,NBH-L1NW-AP137,D8:84:66:E2:49:18,157,1,172.21.71.227,NBH-A12-SW-1NW-Gi4/0/6
1736Y-1368900000,NBH-L1NW-AP136,D8:84:66:E2:49:1D,40,6,172.21.71.225,NBH-A12-SW-1NW-Gi3/0/7
1736Y-1369000000,NBH-L3SE-AP681,D8:84:66:E2:49:22,36,1,172.21.69.45,NBH-A23-SW-3SE-Gi1/0/3
1736Y-1369100000,NBH-L3SW-AP307,D8:84:66:E2:49:27,36,6,172.21.68.209,NBH-A24-SW-3SW-Gi2/0/2
1736Y-1369200000,NBH-L1NW-AP139,D8:84:66:E2:49:2C,40,6,172.21.68.78,NBH-A12-SW-1NW-Gi3/0/8
1736Y-1369300000,NBH-L3NE-AP310,D8:84:66:E2:49:31,153,6,172.21.68.157,NBH-A21-SW-3NE-Gi2/0/3
1736Y-1369400000,NBH-L5NW-AP461,D8:84:66:E2:49:36,48,11,172.21.68.37,NBH-A30-SW-5NW-Gi3/0/2
1736Y-1369500000,NBH-GSW-AP126,D8:84:66:E2:49:3B,36,6,172.21.69.3,NBH-A24-SW-3SW-Gi1/0/10
1736Y-1369600000,NBH-L1SE-AP225,D8:84:66:E2:49:40,149,6,172.21.68.75,NBH-A14-SW-1SE-Gi2/0/3
1736Y-1369700000,NBH-L3NW-AP309,D8:84:66:E2:49:45,40,1,172.21.68.181,NBH-A22-SW-3NW-Gi1/0/11
1736Y-1369800000,NBH-L1NE-AP138,D8:84:66:E2:49:4A,136,11,172.21.71.232,NBH-A10-SW-1NE-Gi3/0/5
1736Y-1369900000,NBH-L4NE-AP388,D8:84:66:E2:49:4F,165,11,172.21.68.185,NBH-A25-SW-4NE-Gi2/0/6
1736Y-1370000000,NBH-L3SE-AP312,D8:84:66:E2:49:54,36,11,172.21.68.225,NBH-A23-SW-3SE-Gi1/0/5
1736Y-1370100000,NBH-L1NE-AP140,D8:84:66:E2:49:59,161,11,172.21.68.67,NBH-A10-SW-1NE-Gi3/0/9
1736Y-1370200000,NBH-L2NE-AP298,D8:84:66:E2:49:5E,44,11,172.21.68.235,NBH-A17-SW-2NE-Gi3/0/3
1736Y-1370300000,NBH-L2NW-AP297,D8:84:66:E2:49:63,48,1,172.21.68.244,NBH-A18-SW-2NW-Gi3/0/5
1736Y-1370400000,NBH-L2NW-AP299,D8:84:66:E2:49:68,48,11,172.21.68.111,NBH-A18-SW-2NW-Gi4/0/3
1736Y-1370500000,NBH-L1SE-AP141,D8:84:66:E2:49:6D,161,1,172.21.71.230,NBH-A14-SW-1SE-Gi1/0/3
1736Y-1370600000,NBH-L3SW-AP311,D8:84:66:E2:49:72,149,11,172.21.68.205,NBH-A24-SW-3SW-Gi2/0/9
1736Y-1370700000,NBH-L2NE-AP296,D8:84:66:E2:49:77,161,6,172.21.69.35,NBH-A17-SW-2NE-Gi1/0/1
1736Y-1370800000,NBH-L2NE-AP226,D8:84:66:E2:49:7C,48,1,172.21.68.230,NBH-A17-SW-2NE-Gi4/0/3
1736Y-1370900000,NBH-L1SE-AP142,D8:84:66:E2:49:81,44,11,172.21.71.239,NBH-A14-SW-1SE-Gi1/0/4
1736Y-1371000000,NBH-L1NW-AP143,D8:84:66:E2:49:86,48,11,172.21.71.236,NBH-A12-SW-1NW-Gi1/0/7
1736Y-1371100000,NBH-L1NW-AP144,D8:84:66:E2:49:8B,157,1,172.21.71.251,NBH-A12-SW-1NW-Gi1/0/9
1736Y-1371200000,NBH-L2NE-AP227,D8:84:66:E2:49:90,36,11,172.21.69.48,NBH-A17-SW-2NE-Gi3/0/1
1736Y-1371300000,NBH-GSE-AP046,D8:84:66:E2:49:95,157,1,172.21.71.209,NBH-A08-SW-GSE-Gi4/0/19
1736Y-1371400000,NBH-L2NW-AP228,D8:84:66:E2:49:9A,52,1,172.21.68.169,NBH-A18-SW-2NW-Gi1/0/4
1736Y-1371500000,NBH-L3NW-AP313,D8:84:66:E2:49:9F,40,1,172.21.68.219,NBH-A22-SW-3NW-Gi1/0/9
1736Y-1371600000,NBH-L1NE-AP145,D8:84:66:E2:49:A4,36,6,172.21.71.246,NBH-A10-SW-1NE-Gi4/0/2
1736Y-1371700000,NBH-L2NE-AP230,D8:84:66:E2:49:A9,149,6,172.21.68.171,NBH-A17-SW-2NE-Gi2/0/2
1736Y-1371800000,NBH-BSW-AP650,D8:84:66:E2:49:AE,153,1,172.21.71.231,NBH-A09-SW-GSW-Gi3/0/2
1736Y-1371900000,NBH-BSW-AP002,D8:84:66:E2:49:B3,48,6,172.21.68.85,NBH-A09-SW-GSW-Gi2/0/2
1736Y-1372000000,NBH-L3NE-AP315,D8:84:66:E2:49:B8,157,1,172.21.68.183,NBH-A21-SW-3NE-Gi1/0/3
1736Y-1372100000,NBH-L2NW-AP229,D8:84:66:E2:49:BD,149,1,172.21.68.161,NBH-A18-SW-2NW-Gi1/0/27
1736Y-1372200000,NBH-L3NE-AP316,D8:84:66:E2:49:C2,36,6,172.21.68.202,NBH-A21-SW-3NE-Gi1/0/11
1736Y-1372300000,NBH-L3NE-AP314,D8:84:66:E2:49:C7,153,6,172.21.69.7,NBH-A21-SW-3NE-Gi1/0/9
1736Y-1372400000,NBH-L4SW-AP389,D8:84:66:E2:49:CC,44,6,172.21.68.148,NBH-A28-SW-4SW-Gi4/0/2
1736Y-1372500000,NBH-L3NE-AP319,D8:84:66:E2:49:D1,165,6,172.21.68.178,NBH-A21-SW-3NE-Gi2/0/1
1736Y-1372600000,NBH-L3NE-AP318,D8:84:66:E2:49:D6,161,11,172.21.68.162,NBH-A21-SW-3NE-Gi1/0/2
1736Y-1372700000,NBH-GSE-AP047,D8:84:66:E2:49:DB,48,11,172.21.71.201,NBH-A08-SW-GSE-Gi4/0/16
1736Y-1372800000,NBH-L1NE-AP147,D8:84:66:E2:49:E0,161,11,172.21.71.235,NBH-A10-SW-1NE-Gi2/0/5
1736Y-1372900000,NBH-L3NW-AP317,D8:84:66:E2:49:E5,149,6,172.21.68.199,NBH-A22-SW-3NW-Gi1/0/10
1736Y-1373000000,NBH-L1SE-AP146,D8:84:66:E2:49:EA,40,6,172.21.71.242,NBH-A14-SW-1SE-Gi3/0/4
1736Y-1373100000,NBH-L2NW-AP231,D8:84:66:E2:49:EF,153,6,172.21.68.136,NBH-A18-SW-2NW-Gi4/0/2
1736Y-1373200000,NBH-L3SE-AP320,D8:84:66:E2:49:F4,48,11,172.21.68.237,NBH-A23-SW-3SE-Gi2/0/2
1736Y-1373300000,NBH-L3NW-AP321,D8:84:66:E2:49:F9,48,11,172.21.68.207,NBH-A22-SW-3NW-Gi2/0/7
1736Y-1373400000,NBH-L3NE-AP324,D8:84:66:E2:49:FE,36,1,172.21.68.232,NBH-A21-SW-3NE-Gi1/0/1
1736Y-1373500000,NBH-L3NE-AP322,D8:84:66:E2:4A:03,161,11,172.21.68.227,NBH-A21-SW-3NE-Gi2/0/8
1736Y-1373600000,NBH-L3NE-AP323,D8:84:66:E2:4A:08,48,11,172.21.68.212,NBH-A21-SW-3NE-Gi2/0/9
1736Y-1373700000,NBH-L2SW-AP232,D8:84:66:E2:4A:0D,165,1,172.21.68.245,NBH-A20-SW-2SW-Gi1/0/3
1736Y-1373800000,NBH-L5SE-AP463,D8:84:66:E2:4A:12,44,6,172.21.68.36,NBH-A31-SW-5SE-Gi2/0/3
1736Y-1373900000,NBH-L5NW-AP462,D8:84:66:E2:4A:17,157,1,172.21.71.174,NBH-A30-SW-5NW-Gi3/0/3
1736Y-1374000000,NBH-L2SW-AP233,D8:84:66:E2:4A:1C,36,11,172.21.68.172,NBH-A20-SW-2SW-Gi2/0/3
1736Y-1374100000,NBH-L6SW-AP538,D8:84:66:E2:4A:21,52,6,172.21.69.65,NBH-A36-SW-6SW-Gi2/0/6
1736Y-1374200000,NBH-BNE-AP003,D8:84:66:E2:4A:26,44,6,172.21.71.179,NBH-A03-SW-BNE-Gi1/0/8
1736Y-1374300000,NBH-L5NE-AP464,D8:84:66:E2:4A:2B,48,1,172.21.68.116,NBH-A29-SW-5NE-Gi2/0/4
1736Y-1374400000,NBH-L3SE-AP325,D8:84:66:E2:4A:30,153,1,172.21.68.164,NBH-A23-SW-3SE-Gi1/0/7
1736Y-1374500000,NBH-L6SW-AP537,D8:84:66:E2:4A:35,36,11,172.21.69.26,NBH-A36-SW-6SW-Gi1/0/7
1736Y-1374600000,NBH-L6SW-AP536,D8:84:66:E2:4A:3A,153,11,172.21.69.20,NBH-A36-SW-6SW-Gi2/0/3
1736Y-1374700000,NBH-L5NE-AP465,D8:84:66:E2:4A:3F,165,1,172.21.68.129,NBH-A29-SW-5NE-Gi3/0/5
1736Y-1374800000,NBH-L4SE-AP391,D8:84:66:E2:4A:44,36,11,172.21.68.138,NBH-A27-SW-4SE-Gi1/0/6
1736Y-1374900000,NBH-L4SW-AP390,D8:84:66:E2:4A:49,157,6,172.21.68.98,NBH-A28-SW-4SW-Gi1/0/4
1736Y-1375000000,NBH-BNE-AP004,D8:84:66:E2:4A:4E,52,1,172.21.71.176,NBH-A03-SW-BNE-Gi1/0/2
1736Y-1375100000,NBH-L7NE-AP607,D8:84:66:E2:4A:53,157,1,172.21.69.44,NBH-A37-SW-7NE-Gi1/0/2
1736Y-1375200000,NBH-L7NE-AP606,D8:84:66:E2:4A:58,40,6,172.21.69.60,NBH-A37-SW-7NE-Gi1/0/14
1736Y-1375300000,NBH-L8NE-AP667,D8:84:66:E2:4A:5D,36,1,172.21.69.95,NBH-A37-SW-7NE-Gi1/0/38
1736Y-1375400000,NBH-L6SW-AP539,D8:84:66:E2:4A:62,157,6,172.21.69.66,NBH-A36-SW-6SW-Gi3/0/4
1736Y-1375500000,NBH-L6NW-AP540,D8:84:66:E2:4A:67,161,11,172.21.69.56,NBH-A34-SW-6NW-Gi1/0/7
1736Y-1375600000,NBH-L4SW-AP395,D8:84:66:E2:4A:6C,40,6,172.21.68.94,NBH-A28-SW-4SW-Gi5/0/3
1736Y-1375700000,NBH-GNW-AP651,D8:84:66:E2:4A:71,52,1,172.21.69.103,NBH-A07-SW-GNW-Gi4/0/4
1736Y-1375800000,NBH-L2SW-AP674,D8:84:66:E2:4A:76,149,6,172.21.69.105,NBH-A20-SW-2SW-Gi4/0/2
1736Y-1375900000,NBH-L6SW-AP541,D8:84:66:E2:4A:7B,161,1,172.21.69.64,NBH-A36-SW-6SW-Gi1/0/5
1736Y-1376000000,NBH-L4SE-AP393,D8:84:66:E2:4A:80,149,6,172.21.68.125,NBH-A27-SW-4SE-Gi4/0/2
1736Y-1376100000,NBH-L5NE-AP466,D8:84:66:E2:4A:85,161,6,172.21.68.122,NBH-A29-SW-5NE-Gi1/0/6
1736Y-1376200000,NBH-L4SE-AP392,D8:84:66:E2:4A:8A,36,1,172.21.68.110,NBH-A27-SW-4SE-Gi3/0/3
1736Y-1376300000,NBH-L4SE-AP394,D8:84:66:E2:4A:8F,157,1,172.21.68.155,NBH-A27-SW-4SE-Gi1/0/3
1736Y-1376400000,NBH-L4SE-AP396,D8:84:66:E2:4A:94,48,11,172.21.68.154,NBH-A27-SW-4SE-Gi3/0/4
1736Y-1376500000,NBH-L5NW-AP467,D8:84:66:E2:4A:99,157,6,172.21.68.43,NBH-A30-SW-5NW-Gi3/0/4
1736Y-1376600000,NBH-L7NW-AP608,D8:84:66:E2:4A:9E,44,6,172.21.68.55,NBH-A38-SW-7NW-Gi1/0/1
1736Y-1376700000,NBH-L3SW-AP326,D8:84:66:E2:4A:A3,48,11,172.21.68.175,NBH-A24-SW-3SW-Gi1/0/3
1736Y-1376800000,NBH-L1NE-AP148,D8:84:66:E2:4A:A8,157,1,172.21.68.76,NBH-A10-SW-1NE-Gi1/0/10
1736Y-1376900000,NBH-L6NW-AP542,D8:84:66:E2:4A:AD,161,1,172.21.68.31,NBH-A34-SW-6NW-Gi2/0/13
1736Y-1377000000,NBH-L5NW-AP468,D8:84:66:E2:4A:B2,36,1,172.21.68.44,NBH-A30-SW-5NW-Gi2/0/1
1736Y-1377100000,NBH-L4SE-AP397,D8:84:66:E2:4A:B7,153,11,172.21.68.124,NBH-A27-SW-4SE-Gi4/0/4
1736Y-1377200000,NBH-GNW-AP652,D8:84:66:E2:4A:BC,165,11,172.21.71.184,NBH-A07-SW-GNW-Gi4/0/1
1736Y-1377300000,NBH-L5NW-AP469,D8:84:66:E2:4A:C1,36,11,172.21.68.47,NBH-A30-SW-5NW-Gi2/0/4
1736Y-1377400000,NBH-L4SE-AP398,D8:84:66:E2:4A:C6,40,1,172.21.68.140,NBH-A27-SW-4SE-Gi2/0/5
1736Y-1377500000,NBH-L6NW-AP543,D8:84:66:E2:4A:CB,157,1,172.21.69.58,NBH-A34-SW-6NW-Gi2/0/5
1736Y-1377600000,NBH-L7NW-AP610,D8:84:66:E2:4A:D0,48,1,172.21.68.89,NBH-A38-SW-7NW-Gi1/0/16
1736Y-1377700000,NBH-L7NW-AP609,D8:84:66:E2:4A:D5,36,1,172.21.68.51,NBH-A38-SW-7NW-Gi1/0/2
1736Y-1377800000,NBH-L3SW-AP327,D8:84:66:E2:4A:DA,157,6,172.21.68.206,NBH-A24-SW-3SW-Gi1/0/2
1736Y-1377900000,NBH-L3NW-AP328,D8:84:66:E2:4A:DF,44,1,172.21.68.213,NBH-A22-SW-3NW-Gi1/0/8
1736Y-1378000000,NBH-L3SW-AP330,D8:84:66:E2:4A:E4,153,1,172.21.68.180,NBH-A24-SW-3SW-Gi2/0/1
1736Y-1378100000,NBH-GNW-AP048,D8:84:66:E2:4A:E9,44,6,172.21.71.186,NBH-A07-SW-GNW-Gi5/0/3
1736Y-1378200000,NBH-L7NW-AP611,D8:84:66:E2:4A:EE,36,1,172.21.68.52,NBH-A38-SW-7NW-Gi1/0/17
1736Y-1378300000,NBH-L3NW-AP329,D8:84:66:E2:4A:F3,40,1,172.21.68.189,NBH-A22-SW-3NW-Gi1/0/6
1736Y-1378400000,NBH-L5NW-AP470,D8:84:66:E2:4A:F8,44,6,172.21.70.136,NBH-A30-SW-5NW-Gi3/0/5
1736Y-1378500000,NBH-L6SW-AP545,D8:84:66:E2:4A:FD,40,1,172.21.69.21,NBH-A36-SW-6SW-Gi1/0/6
1736Y-1378600000,NBH-L6NE-AP544,D8:84:66:E2:4B:02,161,6,172.21.68.50,NBH-A33-SW-6NE-Gi1/0/6
1736Y-1378700000,NBH-L1SE-AP149,D8:84:66:E2:4B:07,153,11,172.21.68.123,NBH-A15-SW-1SE-Gi1/0/2
1736Y-1378800000,NBH-L3NE-AP333,D8:84:66:E2:4B:0C,44,6,172.21.68.238,NBH-A21-SW-3NE-Gi1/0/8
1736Y-1378900000,NBH-L3NE-AP334,D8:84:66:E2:4B:11,153,11,172.21.68.251,NBH-A21-SW-3NE-Gi1/0/7
1736Y-1379000000,NBH-L1NW-AP151,D8:84:66:E2:4B:16,36,11,172.21.71.229,NBH-A12-SW-1NW-Gi2/0/1
1736Y-1379100000,NBH-L1NE-AP150,D8:84:66:E2:4B:1B,157,1,172.21.68.62,NBH-A10-SW-1NE-Gi4/0/3
1736Y-1379200000,NBH-L7NE-AP605,D8:84:66:E2:4B:20,153,6,172.21.68.22,NBH-A37-SW-7NE-Gi1/0/11
1736Y-1379300000,NBH-L3SE-AP331,D8:84:66:E2:4B:25,44,1,172.21.68.233,NBH-A23-SW-3SE-Gi2/0/1
1736Y-1379400000,NBH-L3SE-AP332,D8:84:66:E2:4B:2A,48,6,172.21.68.184,NBH-A23-SW-3SE-Gi2/0/4
1736Y-1379500000,NBH-GNE-AP049,D8:84:66:E2:4B:2F,165,6,172.21.71.203,NBH-A05-SW-GNE-Gi2/0/4
1736Y-1379600000,NBH-GNW-AP653,D8:84:66:E2:4B:34,149,1,172.21.71.189,NBH-A07-SW-GNW-Gi2/0/1
1736Y-1379700000,NBH-L7NW-AP604,D8:84:66:E2:4B:39,153,1,172.21.68.56,NBH-A38-SW-7NW-Gi1/0/5
1736Y-1379800000,NBH-L2SW-AP236,D8:84:66:E2:4B:3E,40,6,172.21.68.234,NA
1736Y-1379900000,NBH-L1NE-AP152,D8:84:66:E2:4B:43,44,6,172.21.68.77,NBH-A10-SW-1NE-Gi1/0/2
1736Y-1380000000,NBH-L3NE-AP335,D8:84:66:E2:4B:48,44,6,172.21.68.194,NBH-A21-SW-3NE-Gi1/0/10
1736Y-1380100000,NBH-L2NE-AP235,D8:84:66:E2:4B:4D,36,11,172.21.69.0,NBH-A17-SW-2NE-Gi3/0/4
1736Y-1380200000,NBH-L4SW-AP399,D8:84:66:E2:4B:52,40,1,172.21.68.96,NBH-A28-SW-4SW-Gi1/0/1
1736Y-1380300000,NBH-L2SE-AP234,D8:84:66:E2:4B:57,161,11,172.21.68.253,NBH-A19-SW-2SE-Gi1/0/2
1736Y-1380400000,NBH-L4SW-AP401,D8:84:66:E2:4B:5C,48,6,172.21.68.133,NBH-A28-SW-4SW-Gi2/0/1
1736Y-1380500000,NBH-L2SW-AP237,D8:84:66:E2:4B:61,157,11,172.21.68.106,NBH-A20-SW-2SW-Gi5/0/2
1736Y-1380600000,NBH-L3SE-AP336,D8:84:66:E2:4B:66,40,1,172.21.68.204,NBH-A23-SW-3SE-Gi3/0/4
1736Y-1380700000,NBH-BNE-AP654,D8:84:66:E2:4B:6B,161,11,172.21.69.100,NBH-A03-SW-BNE-Gi1/0/48
1736Y-1380800000,NBH-L3SE-AP337,D8:84:66:E2:4B:70,161,6,172.21.68.200,NBH-A23-SW-3SE-Gi2/0/5
1736Y-1380900000,NBH-L2SW-AP238,D8:84:66:E2:4B:75,36,11,172.21.68.115,NBH-A20-SW-2SW-Gi1/0/1
1736Y-1381000000,NBH-L4SW-AP400,D8:84:66:E2:4B:7A,149,11,172.21.68.152,NBH-A28-SW-4SW-Gi1/0/3
1736Y-1381100000,NBH-L7NW-AP612,D8:84:66:E2:4B:7F,40,6,172.21.68.91,NBH-A38-SW-7NW-Gi1/0/14
1736Y-1381200000,NBH-L4SW-AP402,D8:84:66:E2:4B:84,44,6,172.21.68.134,NBH-A28-SW-4SW-Gi2/0/3
1736Y-1381300000,NBH-BSE-AP005,D8:84:66:E2:4B:89,165,1,172.21.71.216,NBH-A08-SW-GSE-Gi1/0/2
1736Y-1381400000,NBH-L1NW-AP153,D8:84:66:E2:4B:8E,153,11,172.21.68.86,NBH-A12-SW-1NW-Gi4/0/9
1736Y-1381500000,NBH-L2SE-AP239,D8:84:66:E2:4B:93,149,6,172.21.68.108,NBH-A19-SW-2SE-Gi3/0/4
1736Y-1381600000,NBH-L6SE-AP593,D8:84:66:E2:4B:98,48,6,172.21.69.67,NBH-A39-SW-6E-Gi1/0/6
1736Y-1381700000,NBH-BSE-AP006,D8:84:66:E2:4B:9D,36,11,172.21.71.196,NBH-A08-SW-GSE-Gi2/0/2
1736Y-1381800000,NBH-L5NW-AP529,D8:84:66:E2:4B:A2,40,1,172.21.68.48,NBH-A30-SW-5NW-Gi2/0/3
1736Y-1381900000,NBH-GNE-AP050,D8:84:66:E2:4B:A7,165,11,172.21.71.205,NBH-A05-SW-GNE-Gi1/0/5
1736Y-1382000000,NBH-L4SW-AP404,D8:84:66:E2:4B:AC,48,1,172.21.68.149,NBH-A28-SW-4SW-Gi4/0/3
1736Y-1382100000,NBH-L3SE-AP338,D8:84:66:E2:4B:B1,48,1,172.21.69.5,NBH-A23-SW-3SE-Gi3/0/7
1736Y-1382200000,NBH-BSW-AP008,D8:84:66:E2:4B:B6,64,6,172.21.68.68,NBH-A09-SW-GSW-Gi3/0/1
1736Y-1382300000,NBH-L5SW-AP472,D8:84:66:E2:4B:BB,165,11,172.21.69.50,NBH-A32-SW-5SW-Gi3/0/4
1736Y-1382400000,NBH-L5SE-AP471,D8:84:66:E2:4B:C0,161,6,172.21.68.33,NBH-A31-SW-5SE-Gi1/0/4
1736Y-1382500000,NBH-BSE-AP007,D8:84:66:E2:4B:C5,161,1,172.21.71.197,NBH-A08-SW-GSE-Gi2/0/1
1736Y-1382600000,NBH-L6NW-AP546,D8:84:66:E2:4B:CA,48,11,172.21.69.31,NBH-A34-SW-6NW-Gi2/0/8
1736Y-1382700000,NBH-L4SE-AP403,D8:84:66:E2:4B:CF,161,6,172.21.68.147,NBH-A27-SW-4SE-Gi3/0/1
1736Y-1382800000,NBH-L5SE-AP475,D8:84:66:E2:4B:D4,153,1,172.21.68.30,NBH-A31-SW-5SE-Gi1/0/2
1736Y-1382900000,NBH-L6SE-AP547,D8:84:66:E2:4B:D9,40,11,172.21.69.62,NBH-A39-SW-6E-Gi3/0/3
1736Y-1383000000,NBH-L2SW-AP241,D8:84:66:E2:4B:DE,40,1,172.21.68.176,NBH-A20-SW-2SW-Gi2/0/1
1736Y-1383100000,NBH-L5SE-AP473,D8:84:66:E2:4B:E3,100,6,172.21.68.29,NBH-A31-SW-5SE-Gi2/0/6
1736Y-1383200000,NBH-L4SW-AP405,D8:84:66:E2:4B:E8,36,1,172.21.68.135,NBH-A28-SW-4SW-Gi3/0/4
1736Y-1383300000,NBH-L1SE-AP154,D8:84:66:E2:4B:ED,36,1,172.21.68.102,NBH-A15-SW-1SE-Gi1/0/1
1736Y-1383400000,NBH-L5SE-AP474,D8:84:66:E2:4B:F2,36,11,172.21.68.58,NBH-A31-SW-5SE-Gi3/0/5
1736Y-1383500000,NBH-L2SW-AP240,D8:84:66:E2:4B:F7,161,11,172.21.69.68,NBH-A20-SW-2SW-Gi2/0/2
1736Y-1383600000,NBH-L4NE-AP406,D8:84:66:E2:4B:FC,48,1,172.21.68.126,NBH-A25-SW-4NE-Gi1/0/5
1736Y-1383700000,NBH-L5SE-AP477,D8:84:66:E2:4C:01,40,6,172.21.68.26,NBH-A31-SW-5SE-Gi2/0/2
1736Y-1383800000,NBH-L2SE-AP242,D8:84:66:E2:4C:06,44,6,172.21.68.188,NBH-A19-SW-2SE-Gi2/0/7
1736Y-1383900000,NBH-BNE-AP009,D8:84:66:E2:4C:0B,44,11,172.21.71.182,NBH-A03-SW-BNE-Gi2/0/3
1736Y-1384000000,NBH-L2NW-AP243,D8:84:66:E2:4C:10,165,6,172.21.68.241,NBH-A18-SW-2NW-Gi2/0/4
1736Y-1384100000,NBH-L4NW-AP407,D8:84:66:E2:4C:15,153,11,172.21.68.197,NBH-A26-SW-4NW-Gi2/0/6
1736Y-1384200000,NBH-L3NW-AP339,D8:84:66:E2:4C:1A,157,11,172.21.68.218,NBH-A22-SW-3NW-Gi2/0/9
1736Y-1384300000,NBH-L5NE-AP476,D8:84:66:E2:4C:1F,auto,13,172.21.68.145,NBH-A29-SW-5NE-Gi3/0/2
1736Y-1384400000,NBH-L2SW-AP244,D8:84:66:E2:4C:24,153,1,172.21.68.240,NBH-A20-SW-2SW-Gi5/0/1
1736Y-1384500000,NBH-L4NE-AP408,D8:84:66:E2:4C:29,100,1,172.21.68.208,NBH-A25-SW-4NE-Gi3/0/5
1736Y-1384600000,NBH-L5SE-AP479,D8:84:66:E2:4C:2E,153,1,172.21.68.23,NBH-A31-SW-5SE-Gi1/0/5
1736Y-1384700000,NBH-L4SW-AP409,D8:84:66:E2:4C:33,153,1,172.21.68.121,NBH-A28-SW-4SW-Gi3/0/3
1736Y-1384800000,NBH-L6SE-AP548,D8:84:66:E2:4C:38,36,6,172.21.69.53,NBH-A39-SW-6E-Gi2/0/6
1736Y-1384900000,NBH-L2SW-AP245,D8:84:66:E2:4C:3D,48,6,172.21.68.249,NBH-A20-SW-2SW-Gi4/0/1
1736Y-1385000000,NBH-L5SE-AP478,D8:84:66:E2:4C:42,149,1,172.21.68.28,NBH-A31-SW-5SE-Gi1/0/7
1736Y-1385100000,NBH-L2SW-AP246,D8:84:66:E2:4C:47,44,6,172.21.68.127,NBH-A20-SW-2SW-Gi3/0/2
1736Y-1385200000,NBH-L2SW-AP247,D8:84:66:E2:4C:4C,44,1,172.21.69.109,NBH-A20-SW-2SW-Gi4/0/3
1736Y-1385300000,NBH-L2SW-AP248,D8:84:66:E2:4C:51,165,11,172.21.68.248,NBH-A20-SW-2SW-Gi3/0/1
1736Y-1385400000,NBH-L5NE-AP480,D8:84:66:E2:4C:56,153,6,172.21.69.252,NBH-A29-SW-5NE-Gi1/0/3
1736Y-1385500000,NBH-L2NE-AP249,D8:84:66:E2:4C:5B,157,1,172.21.68.247,NBH-A17-SW-2NE-Gi2/0/3
1736Y-1385600000,NBH-BNE-AP010,D8:84:66:E2:4C:60,153,auto,172.21.71.177,NBH-A03-SW-BNE-Gi1/0/3
1736Y-1385700000,NBH-L5SE-AP482,D8:84:66:E2:4C:65,157,6,172.21.68.59,NBH-A31-SW-5SE-Gi2/0/4
1736Y-1385900000,NBH-L5SW-AP481,D8:84:66:E2:4C:6F,40,11,172.21.69.51,NBH-A32-SW-5SW-Gi1/0/4
1736Y-1386000000,NBH-GSW-AP122,D8:84:66:E2:4C:74,149,11,172.21.68.41,NBH-A09-SW-GSW-Gi5/0/9
1736Y-1386100000,NBH-BNE-AP037,D8:84:66:E2:4C:79,153,1,172.21.69.80,NBH-A03-SW-BNE-Gi2/0/5
1736Y-1386200000,NBH-BSE-AP036,D8:84:66:E2:4C:7E,60,6,172.21.71.214,NBH-A08-SW-GSE-Gi1/0/3
1736Y-1386300000,NBH-GSW-AP123,D8:84:66:E2:4C:83,165,6,172.21.68.40,NBH-A09-SW-GSW-Gi5/0/8
1736Y-1386400000,NBH-L1NW-AP224,D8:84:66:E2:4C:88,60,11,172.21.68.81,NBH-A12-SW-1NW-Gi5/0/5
1736Y-1386500000,NBH-L3SW-AP373,D8:84:66:E2:4C:8D,157,1,172.21.68.179,NBH-A24-SW-3SW-Gi2/0/7
1736Y-1386600000,NBH-BNE-AP035,D8:84:66:E2:4C:92,36,6,172.21.69.42,NBH-A03-SW-BNE-Gi1/0/9
1736Y-1386700000,NBH-L2SW-AP301,D8:84:66:E2:4C:97,44,6,172.21.68.158,NBH-A20-SW-2SW-Gi4/0/4
1736Y-1386800000,NBH-L3SE-AP374,D8:84:66:E2:4C:9C,165,1,172.21.68.229,NBH-A23-SW-3SE-Gi3/0/5
1736Y-1386900000,NBH-L8NE-AP668,D8:84:66:E2:4C:A1,44,11,172.21.69.94,NBH-A37-SW-7NE-Gi1/0/39
1736Y-1387000000,NBH-BNW-AP655,D8:84:66:E2:4C:A6,157,1,172.21.71.211,NBH-A04-SW-BNW-Gi2/0/3
1736Y-1387100000,NBH-L2NW-AP292,D8:84:66:E2:4C:AB,36,11,172.21.68.231,NBH-A18-SW-2NW-Gi3/0/3
1736Y-1387200000,NBH-GSE-AP124,D8:84:66:E2:4C:B0,132,11,172.21.71.198,NBH-A08-SW-GSE-Gi1/0/14
1736Y-1387300000,NBH-BNW-AP660,D8:84:66:E2:4C:B5,100,6,172.21.69.82,NBH-A04-SW-BNW-Gi1/0/4
1736Y-1387400000,NBH-BNW-AP657,D8:84:66:E2:4C:BA,153,1,172.21.69.84,NBH-A04-SW-BNW-Gi2/0/5
1736Y-1387500000,NBH-BNW-AP656,D8:84:66:E2:4C:BF,149,11,172.21.69.90,NBH-A04-SW-BNW-Gi2/0/2
1736Y-1387600000,NBH-L2SW-AP291,D8:84:66:E2:4C:C4,149,1,172.21.68.187,NA
1736Y-1387700000,NBH-L3SE-AP370,D8:84:66:E2:4C:C9,40,6,172.21.68.198,NBH-A23-SW-3SE-Gi2/0/6
1736Y-1387800000,NBH-L5SE-AP527,D8:84:66:E2:4C:CE,48,11,172.21.68.27,NBH-A31-SW-5SE-Gi2/0/7
1736Y-1387900000,NBH-BNW-AP658,D8:84:66:E2:4C:D3,165,6,172.21.69.91,NBH-A04-SW-BNW-Gi1/0/1
1736Y-1388000000,NBH-L3SW-AP372,D8:84:66:E2:4C:D8,40,11,172.21.68.166,NBH-A24-SW-3SW-Gi2/0/4
1736Y-1388100000,NBH-L7NE-AP631,D8:84:66:E2:4C:DD,161,11,172.21.68.39,NBH-A37-SW-7NE-Gi1/0/1
1736Y-1388200000,NBH-L5SE-AP528,D8:84:66:E2:4C:E2,161,6,172.21.68.35,NBH-A31-SW-5SE-Gi3/0/6
1736Y-1388300000,NBH-L3SE-AP371,D8:84:66:E2:4C:E7,149,1,172.21.68.243,NBH-A23-SW-3SE-Gi1/0/2
1736Y-1388400000,NBH-L7NE-AP634,D8:84:66:E2:4C:EC,36,1,172.21.69.41,NBH-A37-SW-7NE-Gi1/0/13
1736Y-1388500000,NBH-L7NE-AP632,D8:84:66:E2:4C:F1,149,11,172.21.69.69,NBH-A37-SW-7NE-Gi1/0/10
1736Y-1388600000,NBH-L4NW-AP454,D8:84:66:E2:4C:F6,161,6,172.21.69.1,NBH-A26-SW-4NW-Gi3/0/6
1736Y-1388700000,NBH-L7NE-AP635,D8:84:66:E2:4C:FB,165,11,172.21.69.61,NBH-A37-SW-7NE-Gi1/0/7
1736Y-1388800000,NBH-L3SE-AP375,D8:84:66:E2:4D:00,149,6,172.21.68.220,NBH-A23-SW-3SE-Gi2/0/7
1736Y-1388900000,NBH-L7NE-AP633,D8:84:66:E2:4D:05,36,1,172.21.69.4,NBH-A37-SW-7NE-Gi1/0/8
1736Y-1389000000,NBH-BSW-AP038,D8:84:66:E2:4D:0A,165,1,172.21.68.63,NBH-A09-SW-GSW-Gi2/0/1
1736Y-1389100000,NBH-L3SE-AP376,D8:84:66:E2:4D:0F,157,11,172.21.68.159,NBH-A23-SW-3SE-Gi1/0/4
1736Y-1389200000,NBH-L6NW-AP567,D8:84:66:E2:4D:14,153,1,172.21.69.112,NBH-A34-SW-6NW-Gi1/0/2
1736Y-1389300000,NBH-GNE-AP102,D8:84:66:E2:4D:19,36,11,172.21.71.218,NBH-A05-SW-GNE-Gi4/0/3
1736Y-1389400000,NBH-BNW-AP659,D8:84:66:E2:4D:1E,161,1,172.21.69.88,NBH-A04-SW-BNW-Gi2/0/1
1736Y-1389500000,NBH-GNW-AP103,D8:84:66:E2:4D:23,161,11,172.21.71.190,NBH-A07-SW-GNW-Gi3/0/4
1736Y-1389600000,NBH-BNE-AP028,D8:84:66:E2:4D:28,36,6,172.21.70.176,NBH-A03-SW-BNE-Gi1/0/1
1736Y-1389700000,NBH-L5NE-AP519,D8:84:66:E2:4D:2D,165,1,172.21.68.97,NBH-A29-SW-5NE-Gi2/0/3
1736Y-1389800000,NBH-GNE-AP104,D8:84:66:E2:4D:32,149,1,172.21.71.202,NBH-A05-SW-GNE-Gi1/0/6
1736Y-1389900000,NBH-L1NE-AP181,D8:84:66:E2:4D:37,48,11,172.21.71.248,NBH-A10-SW-1NE-Gi2/0/4
1736Y-1390000000,NBH-L2NE-AP277,D8:84:66:E2:4D:3C,153,6,172.21.68.100,NBH-A17-SW-2NE-Gi1/0/4
1736Y-1390100000,NBH-L1NW-AP182,D8:84:66:E2:4D:41,153,6,172.21.71.234,NBH-A13-SW-1NW-Gi4/0/7
1736Y-1390200000,NBH-L6NW-AP569,D8:84:66:E2:4D:46,153,6,172.21.69.30,NBH-A34-SW-6NW-Gi2/0/7
1736Y-1390300000,NBH-L7NE-AP624,D8:84:66:E2:4D:4B,auto,13,172.21.69.63,NBH-A37-SW-7NE-Gi1/0/12
1736Y-1390400000,NBH-L6SE-AP570,D8:84:66:E2:4D:50,44,6,172.21.69.19,NBH-A39-SW-6E-Gi1/0/3
1736Y-1390500000,NBH-L4SW-AP442,D8:84:66:E2:4D:55,36,11,172.21.68.128,NBH-A28-SW-4SW-Gi5/0/2
1736Y-1390600000,NBH-L4SE-AP443,D8:84:66:E2:4D:5A,48,11,172.21.68.93,NBH-A27-SW-4SE-Gi1/0/2
1736Y-1390700000,NBH-L6NW-AP568,D8:84:66:E2:4D:5F,36,1,172.21.68.24,NBH-A34-SW-6NW-Gi1/0/8
1736Y-1390800000,NBH-L6NW-AP571,D8:84:66:E2:4D:64,44,6,172.21.69.29,NBH-A34-SW-6NW-Gi1/0/3
1736Y-1390900000,NBH-L7NW-AP625,D8:84:66:E2:4D:69,auto,1,172.21.68.53,NBH-A38-SW-7NW-Gi1/0/11
1736Y-1391000000,NBH-L1SW-AP183,D8:84:66:E2:4D:6E,48,6,172.21.68.224,NBH-A16-SW-1SW-Gi4/0/3
1736Y-1391100000,NBH-BNE-AP029,D8:84:66:E2:4D:73,40,6,172.21.71.181,NBH-A03-SW-BNE-Gi2/0/8
1736Y-1391200000,NBH-L1SE-AP184,D8:84:66:E2:4D:78,44,11,172.21.68.83,NBH-A14-SW-1SE-Gi4/0/1
1736Y-1391300000,NBH-L4SW-AP444,D8:84:66:E2:4D:7D,48,11,172.21.70.209,NBH-A28-SW-4SW-Gi2/0/4
1736Y-1391400000,NBH-L4SE-AP445,D8:84:66:E2:4D:82,44,11,172.21.68.130,NBH-A27-SW-4SE-Gi3/0/2
1736Y-1391500000,NBH-L1NW-AP185,D8:84:66:E2:4D:87,161,1,172.21.68.69,NBH-A12-SW-1NW-Gi3/0/9
1736Y-1391600000,NBH-L4SE-AP446,D8:84:66:E2:4D:8C,40,1,172.21.68.139,NBH-A27-SW-4SE-Gi2/0/1
1736Y-1391700000,NBH-L6NE-AP574,D8:84:66:E2:4D:91,161,6,172.21.69.70,NBH-A33-SW-6NE-Gi1/0/18
1736Y-1391800000,NBH-L6NE-AP573,D8:84:66:E2:4D:96,157,11,172.21.69.76,NBH-A33-SW-6NE-Gi1/0/17
1736Y-1391900000,NBH-BNE-AP030,D8:84:66:E2:4D:9B,48,1,172.21.71.183,NBH-A03-SW-BNE-Gi3/0/35
1736Y-1392000000,NBH-L2SW-AP280,D8:84:66:E2:4D:A0,36,11,172.21.68.144,NBH-A20-SW-2SW-Gi1/0/5
1736Y-1392100000,NBH-L2SE-AP278,D8:84:66:E2:4D:A5,48,1,172.21.69.55,NBH-A19-SW-2SE-Gi2/0/6
1736Y-1392200000,NBH-L6NE-AP572,D8:84:66:E2:4D:AA,153,1,172.21.69.38,NBH-A33-SW-6NE-Gi1/0/15
1736Y-1392300000,NBH-L2SE-AP279,D8:84:66:E2:4D:AF,36,1,172.21.68.226,NBH-A19-SW-2SE-Gi4/0/6
1736Y-1392400000,NBH-L6SE-AP575,D8:84:66:E2:4D:B4,165,1,172.21.69.59,NBH-A39-SW-6E-Gi1/0/2
1736Y-1392500000,NBH-L2NE-AP282,D8:84:66:E2:4D:B9,165,1,172.21.68.114,NBH-A17-SW-2NE-Gi4/0/1
1736Y-1392600000,NBH-L1SW-AP186,D8:84:66:E2:4D:BE,100,11,172.21.68.191,NBH-A20-SW-2SW-Gi2/0/4
1736Y-1392700000,NBH-L3NE-AP355,D8:84:66:E2:4D:C3,40,1,172.21.68.215,NBH-A21-SW-3NE-Gi1/0/12
1736Y-1392800000,NBH-L6SE-AP576,D8:84:66:E2:4D:C8,161,11,172.21.69.15,NBH-A39-SW-6E-Gi2/0/2
1736Y-1392900000,NBH-GNW-AP105,D8:84:66:E2:4D:CD,48,6,172.21.71.185,NBH-A07-SW-GNW-Gi5/0/1
1736Y-1393000000,NBH-L7NE-AP626,D8:84:66:E2:4D:D2,149,6,172.21.69.47,NBH-A37-SW-7NE-Gi1/0/5
1736Y-1393100000,NBH-L2NE-AP281,D8:84:66:E2:4D:D7,44,1,172.21.68.21,NBH-A17-SW-2NE-Gi2/0/4
1736Y-1393200000,NBH-L2NE-AP285,D8:84:66:E2:4D:DC,40,1,172.21.68.214,NBH-A17-SW-2NE-Gi3/0/2
1736Y-1393300000,NBH-L6SE-AP579,D8:84:66:E2:4D:E1,36,6,172.21.69.46,NBH-A39-SW-6E-Gi1/0/4
1736Y-1393400000,NBH-L2SE-AP284,D8:84:66:E2:4D:E6,40,11,172.21.68.107,NBH-A19-SW-2SE-Gi3/0/6
1736Y-1393500000,NBH-L6SE-AP578,D8:84:66:E2:4D:EB,157,6,172.21.69.23,NBH-A39-SW-6E-Gi3/0/4
1736Y-1393600000,NBH-L6NE-AP669,D8:84:66:E2:4D:F0,36,1,172.21.69.113,NBH-A33-SW-6NE-Gi1/0/16
1736Y-1393700000,NBH-L6SE-AP577,D8:84:66:E2:4D:F5,48,1,172.21.69.24,NBH-A39-SW-6E-Gi2/0/3
1736Y-1393800000,NBH-L2SE-AP286,D8:84:66:E2:4D:FA,153,1,172.21.68.246,NBH-A19-SW-2SE-Gi4/0/5
1736Y-1393900000,NBH-L2NE-AP283,D8:84:66:E2:4D:FF,149,11,172.21.69.49,NBH-A17-SW-2NE-Gi4/0/2
1736Y-1394000000,NBH-BNE-AP031,D8:84:66:E2:4E:04,44,11,172.21.71.48,NBH-A03-SW-BNE-Gi3/0/2
1736Y-1394100000,NBH-L2SE-AP287,D8:84:66:E2:4E:09,165,6,172.21.68.250,NBH-A19-SW-2SE-Gi1/0/6
1736Y-1394200000,NBH-L2SW-AP288,D8:84:66:E2:4E:0E,36,11,172.21.68.118,NBH-A20-SW-2SW-Gi3/0/5
1736Y-1394300000,NBH-L6SE-AP580,D8:84:66:E2:4E:13,149,11,172.21.69.17,NBH-A39-SW-6E-Gi2/0/5
1736Y-1394400000,NBH-L1NW-AP187,D8:84:66:E2:4E:18,157,1,172.21.68.64,NBH-A12-SW-1NW-Gi2/0/6
1736Y-1394500000,NBH-L4SW-AP447,D8:84:66:E2:4E:1D,149,1,172.21.68.137,NBH-A28-SW-4SW-Gi3/0/1
1736Y-1394600000,NBH-L3NE-AP356,D8:84:66:E2:4E:22,165,1,172.21.69.10,NBH-A21-SW-3NE-Gi2/0/11
1736Y-1394800000,NBH-L2NW-AP289,D8:84:66:E2:4E:2C,153,1,172.21.68.222,NBH-A18-SW-2NW-Gi1/0/5
1736Y-1394900000,NBH-L5SE-AP670,D8:84:66:E2:4E:31,165,1,172.21.69.111,NBH-A31-SW-5SE-Gi1/0/1
1736Y-1395000000,NBH-L1NW-AP188,D8:84:66:E2:4E:36,64,11,172.21.71.223,NBH-A12-SW-1NW-Gi4/0/3
1736Y-1395100000,NBH-BSE-AP032,D8:84:66:E2:4E:3B,40,6,172.21.69.81,NBH-A08-SW-GSE-Gi4/0/1
1736Y-1395200000,NBH-L3NE-AP357,D8:84:66:E2:4E:40,157,6,172.21.68.168,NBH-A21-SW-3NE-Gi2/0/6
1736Y-1395300000,NBH-L3NW-AP358,D8:84:66:E2:4E:45,48,1,172.21.68.201,NBH-A22-SW-3NW-Gi1/0/3
1736Y-1395400000,NBH-L4NW-AP448,D8:84:66:E2:4E:4A,36,1,172.21.68.160,NBH-A26-SW-4NW-Gi2/0/1
1736Y-1395500000,NBH-GSW-AP106,D8:84:66:E2:4E:4F,165,1,172.21.71.233,NBH-A09-SW-GSW-Gi1/0/13
1736Y-1395600000,NBH-L7NW-AP627,D8:84:66:E2:4E:54,36,1,172.21.68.92,NBH-A38-SW-7NW-Gi1/0/12
1736Y-1395800000,NBH-L6SW-AP581,D8:84:66:E2:4E:5E,157,6,172.21.69.13,NBH-A36-SW-6SW-Gi2/0/1
1736Y-1395900000,NBH-L3NW-AP361,D8:84:66:E2:4E:63,157,1,172.21.68.217,NBH-A22-SW-3NW-Gi2/0/4
1736Y-1396000000,NBH-GSW-AP107,D8:84:66:E2:4E:68,112,1,172.21.68.143,NBH-A09-SW-GSW-Gi3/0/11
1736Y-1396100000,NBH-L3NW-AP360,D8:84:66:E2:4E:6D,40,6,172.21.68.177,NBH-A22-SW-3NW-Gi2/0/1
1736Y-1396200000,NBH-L3NW-AP359,D8:84:66:E2:4E:72,36,1,172.21.68.195,NBH-A22-SW-3NW-Gi2/0/5
1736Y-1396300000,NBH-L8NE-AP666,D8:84:66:E2:4E:77,40,6,172.21.69.96,NBH-A37-SW-7NE-Gi1/0/37
1736Y-1396400000,NBH-BNE-AP662,D8:84:66:E2:4E:7C,100,1,172.21.68.252,NBH-A03-SW-BNE-Gi1/0/6
1736Y-1396500000,NBH-L4SE-AP449,D8:84:66:E2:4E:81,44,1,172.21.68.150,NBH-A27-SW-4SE-Gi1/0/5
1736Y-1396600000,NBH-L1SE-AP189,D8:84:66:E2:4E:86,157,11,172.21.71.226,NBH-A14-SW-1SE-Gi4/0/3
1736Y-1396700000,NBH-L4SE-AP450,D8:84:66:E2:4E:8B,165,6,172.21.68.25,NBH-A27-SW-4SE-Gi4/0/5
1736Y-1396800000,NBH-L3NW-AP362,D8:84:66:E2:4E:90,161,11,172.21.68.203,NBH-A22-SW-3NW-Gi1/0/5
1736Y-1396900000,NBH-L1NW-AP190,D8:84:66:E2:4E:95,44,1,172.21.68.65,NBH-A12-SW-1NW-Gi1/0/2
1736Y-1397000000,NBH-L5NW-AP520,D8:84:66:E2:4E:9A,161,1,172.21.68.45,NBH-A30-SW-5NW-Gi1/0/4
1736Y-1397100000,NBH-L4SE-AP451,D8:84:66:E2:4E:9F,165,11,172.21.68.146,NBH-A27-SW-4SE-Gi2/0/3
1736Y-1397200000,NBH-L1NW-AP193,D8:84:66:E2:4E:A4,136,1,172.21.71.221,NBH-A12-SW-1NW-Gi1/0/5
1736Y-1397300000,NBH-L1NW-AP192,D8:84:66:E2:4E:A9,149,1,172.21.68.66,NBH-A12-SW-1NW-Gi1/0/6
1736Y-1397400000,NBH-L1NW-AP191,D8:84:66:E2:4E:AE,153,6,172.21.68.74,NBH-A12-SW-1NW-Gi2/0/3
1736Y-1397500000,NBH-L6NW-AP582,D8:84:66:E2:4E:B3,40,11,172.21.69.32,NBH-A34-SW-6NW-Gi2/0/3
1736Y-1397600000,NBH-L6NW-AP584,D8:84:66:E2:4E:B8,165,11,172.21.69.33,NBH-A34-SW-6NW-Gi1/0/6
1736Y-1397700000,NBH-L7NW-AP629,D8:84:66:E2:4E:BD,48,11,172.21.68.54,NBH-A38-SW-7NW-Gi1/0/4
1736Y-1397800000,NBH-L6NW-AP583,D8:84:66:E2:4E:C2,36,6,172.21.69.27,NBH-A34-SW-6NW-Gi2/0/6
1736Y-1397900000,NBH-L7NW-AP628,D8:84:66:E2:4E:C7,40,6,172.21.68.57,NBH-A38-SW-7NW-Gi1/0/3
1736Y-1398000000,NBH-L4SE-AP453,D8:84:66:E2:4E:CC,161,6,172.21.68.112,NBH-A27-SW-4SE-Gi2/0/4
1736Y-1398100000,NBH-L3NE-AP363,D8:84:66:E2:4E:D1,161,1,172.21.68.186,NBH-A21-SW-3NE-Gi2/0/5
1736Y-1398200000,NBH-BNE-AP033,D8:84:66:E2:4E:D6,165,6,172.21.71.180,NBH-A03-SW-BNE-Gi2/0/6
1736Y-1398300000,NBH-L5SW-AP522,D8:84:66:E2:4E:DB,48,11,172.21.69.43,NBH-A32-SW-5SW-Gi2/0/2
1736Y-1398400000,NBH-L1NE-AP194,D8:84:66:E2:4E:E0,40,1,172.21.71.250,NBH-A10-SW-1NE-Gi1/0/4
1736Y-1398500000,NBH-L4SE-AP452,D8:84:66:E2:4E:E5,44,11,172.21.68.151,NBH-A27-SW-4SE-Gi1/0/1
1736Y-1398600000,NBH-L5NE-AP521,D8:84:66:E2:4E:EA,44,6,172.21.68.142,NBH-A29-SW-5NE-Gi2/0/2
1736Y-1398700000,NBH-GSE-AP108,D8:84:66:E2:4E:EF,100,6,172.21.71.199,NBH-A08-SW-GSE-Gi1/0/15
1736Y-1398800000,NBH-BNE-AP034,D8:84:66:E2:4E:F4,48,6,172.21.71.178,NBH-A03-SW-BNE-Gi2/0/4
1736Y-1399000000,NBH-L3NW-AP364,D8:84:66:E2:4E:FE,165,1,172.21.68.196,NBH-A26-SW-4NW-Gi2/0/7
1736Y-1399100000,NBH-L1NE-AP196,D8:84:66:E2:4F:03,149,6,172.21.68.80,NBH-A10-SW-1NE-Gi1/0/5
1736Y-1399200000,NBH-GSE-AP109,D8:84:66:E2:4F:08,100,6,172.21.71.217,NBH-A08-SW-GSE-Gi3/0/15
1736Y-1399300000,NBH-L5NE-AP523,D8:84:66:E2:4F:0D,48,1,172.21.68.117,NBH-A29-SW-5NE-Gi1/0/5
1736Y-1399400000,NBH-L1NW-AP195,D8:84:66:E2:4F:12,36,6,172.21.71.253,NBH-A12-SW-1NW-Gi5/0/3
1736Y-1399500000,NBH-L3NW-AP303,D8:84:66:E2:4F:17,153,11,172.21.68.210,NBH-A22-SW-3NW-Gi1/0/4
1736Y-1399600000,NBH-L1SE-AP197,D8:84:66:E2:4F:1C,100,1,172.21.68.87,NBH-A14-SW-1SE-Gi3/0/3
1736Y-1399700000,NBH-L5NE-AP524,D8:84:66:E2:4F:21,40,11,172.21.68.120,NBH-A29-SW-5NE-Gi3/0/4
1736Y-1399800000,NBH-L6SW-AP585,D8:84:66:E2:4F:26,149,11,172.21.69.14,NBH-A36-SW-6SW-Gi3/0/5
1736Y-1399900000,NBH-L2NW-AP290,D8:84:66:E2:4F:2B,44,1,172.21.68.167,NBH-A18-SW-2NW-Gi4/0/4
1736Y-1400000000,NBH-L6SW-AP675,D8:84:66:E2:4F:30,149,11,172.21.69.18,NBH-A36-SW-6SW-Gi2/0/2
1736Y-1400100000,NBH-L5SE-AP525,D8:84:66:E2:4F:35,149,1,172.21.68.34,NBH-A31-SW-5SE-Gi3/0/2
1736Y-1400200000,NBH-L6SW-AP586,D8:84:66:E2:4F:3A,40,11,172.21.69.12,NBH-A36-SW-6SW-Gi1/0/3
1736Y-1400300000,NBH-L1NW-AP198,D8:84:66:E2:4F:3F,157,11,172.21.71.222,NBH-A12-SW-1NW-Gi3/0/4
1736Y-1400400000,NBH-L1NW-AP199,D8:84:66:E2:4F:44,116,1,172.21.71.249,NBH-A12-SW-1NW-Gi1/0/4
1736Y-1400500000,NBH-L3NW-AP366,D8:84:66:E2:4F:49,149,6,172.21.68.254,NBH-A22-SW-3NW-Gi2/0/3
1736Y-1400600000,NBH-L1NW-AP200,D8:84:66:E2:4F:4E,40,6,172.21.71.224,NBH-A12-SW-1NW-Gi4/0/5
1736Y-1400700000,NBH-L3NW-AP365,D8:84:66:E2:4F:53,44,11,172.21.68.193,NBH-A22-SW-3NW-Gi1/0/2
1736Y-1401700000,NBH-L3NE-AP367,D8:84:66:E2:4F:85,165,11,172.21.68.236,NBH-A21-SW-3NE-Gi1/0/6
1736Y-1401800000,NBH-L1SW-AP201,D8:84:66:E2:4F:8A,44,11,172.21.68.141,NBH-A16-SW-1SW-Gi3/0/1
1736Y-1402000000,NBH-L1NW-AP202,D8:84:66:E2:4F:94,40,1,172.21.71.252,NBH-A12-SW-1NW-Gi2/0/9
1736Y-1402100000,NBH-L3NE-AP368,D8:84:66:E2:4F:99,48,6,172.21.68.174,NBH-A21-SW-3NE-Gi2/0/4
1736Y-1402200000,NBH-L4SW-AP677,D8:84:66:E2:4F:9E,52,11,172.21.68.95,NBH-A28-SW-4SW-Gi4/0/1
1736Y-1402300000,NBH-GSW-AP110,D8:84:66:E2:4F:A3,52,6,172.21.68.99,NBH-A09-SW-GSW-Gi4/0/11
1736Y-1402400000,NBH-L5NW-AP526,D8:84:66:E2:4F:A8,40,11,172.21.68.49,NBH-A30-SW-5NW-Gi2/0/7
1736Y-1402500000,NBH-L6SW-AP676,D8:84:66:E2:4F:AD,52,11,172.21.69.16,NBH-A36-SW-6SW-Gi3/0/1
1736Y-1402600000,NBH-L7NW-AP630,D8:84:66:E2:4F:B2,44,1,172.21.68.90,NBH-A38-SW-7NW-Gi1/0/15
1736Y-1402700000,NBH-L1NE-AP203,D8:84:66:E2:4F:B7,48,11,172.21.71.244,NBH-A10-SW-1NE-Gi3/0/3
1736Y-1402900000,NBH-L1SW-AP205,D8:84:66:E2:4F:C1,44,11,172.21.68.242,NBH-A16-SW-1SW-Gi4/0/2
1736Y-1403000000,NBH-L1NE-AP204,D8:84:66:E2:4F:C6,40,1,172.21.68.72,NBH-A10-SW-1NE-Gi3/0/2
1736Y-1403100000,NBH-GSW-AP111,D8:84:66:E2:4F:CB,36,6,172.21.71.220,NBH-A09-SW-GSW-Gi1/0/12
1736Y-1403200000,NBH-L1SW-AP206,D8:84:66:E2:4F:D0,36,11,172.21.68.192,NBH-A16-SW-1SW-Gi1/0/1
1736Y-1403300000,NBH-GSE-AP113,D8:84:66:E2:4F:D5,36,11,172.21.71.193,NBH-A08-SW-GSE-Gi1/0/16
1736Y-1403400000,NBH-L6SE-AP587,D8:84:66:E2:4F:DA,40,1,172.21.69.22,NBH-A39-SW-6E-Gi3/0/2
1736Y-1403500000,NBH-GSE-AP112,D8:84:66:E2:4F:DF,165,1,172.21.71.200,NBH-A08-SW-GSE-Gi2/0/14
1736Y-1403600000,NBH-L1NE-AP209,D8:84:66:E2:4F:E4,40,11,172.21.68.88,NBH-A10-SW-1NE-Gi4/0/4
1736Y-1403700000,NBH-L1NE-AP208,D8:84:66:E2:4F:E9,165,1,172.21.69.79,NBH-A10-SW-1NE-Gi3/0/4
1736Y-1403800000,NBH-L6SW-AP590,D8:84:66:E2:4F:EE,165,6,172.21.69.11,NBH-A36-SW-6SW-Gi2/0/4
1736Y-1403900000,NBH-L6SW-AP588,D8:84:66:E2:4F:F3,44,1,172.21.69.25,NBH-A36-SW-6SW-Gi3/0/2
1736Y-1404000000,NBH-L6SW-AP589,D8:84:66:E2:4F:F8,36,1,172.21.69.39,NBH-A36-SW-6SW-Gi1/0/2
1736Y-1404100000,NBH-L1NW-AP207,D8:84:66:E2:4F:FD,149,6,172.21.68.70,NBH-A12-SW-1NW-Gi1/0/3
1736Y-1404200000,NBH-GSW-AP115,D8:84:66:E2:50:02,40,11,172.21.69.108,NBH-A09-SW-GSW-Gi2/0/12
1736Y-1404300000,NBH-GSE-AP114,D8:84:66:E2:50:07,48,1,172.21.71.207,NBH-A08-SW-GSE-Gi4/0/13
1736Y-1404400000,NBH-L6SW-AP592,D8:84:66:E2:50:0C,165,1,172.21.69.54,NBH-A36-SW-6SW-Gi1/0/4
1736Y-1404500000,NBH-GSE-AP118,D8:84:66:E2:50:11,157,1,172.21.71.206,NBH-A08-SW-GSE-Gi2/0/16
1736Y-1404600000,NBH-L5SW-AP672,D8:84:66:E2:50:16,52,1,172.21.69.102,NBH-A32-SW-5SW-Gi1/0/19
1736Y-1404700000,NBH-L1NE-AP210,D8:84:66:E2:50:1B,116,6,172.21.71.240,NBH-A10-SW-1NE-Gi2/0/3
1736Y-1404800000,NBH-GSE-AP116,D8:84:66:E2:50:20,60,6,172.21.71.212,NBH-A08-SW-GSE-Gi2/0/15
1736Y-1404900000,NBH-GSW-AP117,D8:84:66:E2:50:25,48,11,172.21.68.42,NBH-A09-SW-GSW-Gi5/0/11
1736Y-1405000000,NBH-L6SW-AP591,D8:84:66:E2:50:2A,100,1,172.21.69.57,NBH-A36-SW-6SW-Gi2/0/5
1736Y-1405100000,NBH-BNW-AP661,D8:84:66:E2:50:2F,52,11,172.21.69.83,NBH-A04-SW-BNW-Gi1/0/7
1736Y-1405200000,NBH-L1NE-AP212,D8:84:66:E2:50:34,40,6,172.21.68.61,NBH-A10-SW-1NE-Gi1/0/8
1736Y-1405300000,NBH-GSW-AP119,D8:84:66:E2:50:39,157,11,172.21.69.37,NBH-A09-SW-GSW-Gi4/0/8
1736Y-1405400000,NBH-GNW-AP121,D8:84:66:E2:50:3E,149,11,172.21.71.213,NBH-A07-SW-GNW-Gi3/0/3
1736Y-1405500000,NBH-BNW-AP636,D8:84:66:E2:50:43,149,1,172.21.69.72,NBH-A04-SW-BNW-Gi2/0/6
1736Y-1405600000,NBH-L1SW-AP213,D8:84:66:E2:50:48,36,1,172.21.68.255,NBH-A16-SW-1SW-Gi2/0/3
1736Y-1405700000,NBH-GNW-AP120,D8:84:66:E2:50:4D,165,1,172.21.71.208,NBH-A07-SW-GNW-Gi1/0/4
1736Y-1405800000,NBH-L3NW-AP369,D8:84:66:E2:50:52,36,1,172.21.68.182,NBH-A22-SW-3NW-Gi1/0/1
1736Y-1405900000,NBH-L1NE-AP211,D8:84:66:E2:50:57,161,6,172.21.71.228,NBH-A10-SW-1NE-Gi1/0/1
1736Y-1414300000,NBH-L6NE-AP599,D8:84:66:E2:51:FB,48,6,172.21.68.113,NBH-A33-SW-6NE-Gi1/0/21
1736Y-1414400000,NBH-L6NE-AP600,D8:84:66:E2:52:00,44,11,172.21.69.74,NBH-A33-SW-6NE-Gi1/0/26
1736Y-1414600000,NBH-L6NE-AP598,D8:84:66:E2:52:0A,149,6,172.21.69.75,NBH-A33-SW-6NE-Gi1/0/25
1736Y-1414700000,NBH-L3SE-AP380,D8:84:66:E2:52:0F,36,11,172.21.68.173,NBH-A23-SW-3SE-Gi2/0/3
1736Y-1414800000,NBH-L6NE-AP603,D8:84:66:E2:52:14,165,11,172.21.69.73,NBH-A33-SW-6NE-Gi1/0/23
1736Y-1415200000,NBH-L6NE-AP602,D8:84:66:E2:52:28,149,11,172.21.69.34,NBH-A33-SW-6NE-Gi1/0/13
1736Y-1415400000,NBH-L6NE-AP601,D8:84:66:E2:52:32,153,1,172.21.68.223,NBH-A33-SW-6NE-Gi1/0/24
1736Y-1416000000,NBH-L6NE-AP597,D8:84:66:E2:52:50,48,1,172.21.68.32,NBH-A33-SW-6NE-Gi1/0/20
1736Y-1423300000,NBH-L3SE-AP379,D8:84:66:E2:53:BD,44,6,172.21.68.156,NBH-A23-SW-3SE-Gi3/0/3
1736Y-1423400000,NBH-L3SW-AP378,D8:84:66:E2:53:C2,153,1,172.21.68.119,NBH-A28-SW-4SW-Gi5/0/1
1736Y-1455500000,NBH-L3NW-AP377,D8:84:66:E2:5A:07,161,6,172.21.68.165,NBH-A22-SW-3NW-Gi2/0/8
1736Y-1456100000,NBH-L4NW-AP678,D8:84:66:E2:5A:25,165,1,172.21.69.9,NBH-A26-SW-4NW-Gi1/0/7
1736Y-1456700000,NBH-L6NE-AP595,D8:84:66:E2:5A:43,165,1,172.21.69.6,NBH-A33-SW-6NE-Gi1/0/12
1736Y-1457500000,NBH-L6NE-AP596,D8:84:66:E2:5A:6B,40,1,172.21.69.71,NBH-A33-SW-6NE-Gi1/0/10
1736Y-1457600000,NBH-L2SW-AP302,D8:84:66:E2:5A:70,52,1,172.21.68.163,NBH-A20-SW-2SW-Gi5/0/4
1736Y-1458300000,NBH-BSW-AP039,D8:84:66:E2:5A:93,161,11,172.21.68.103,NBH-A09-SW-GSW-Gi4/0/1
1736Y-1461200000,NBH-L6NE-AP594,D8:84:66:E2:5B:24,36,1,172.21.69.77,NBH-A33-SW-6NE-Gi1/0/22
1736Y-1462200000,NBH-L2NW-AP300,D8:84:66:E2:5B:56,40,11,172.21.69.2,NBH-A18-SW-2NW-Gi2/0/5
1736Y-1512100000,NBH-L1NE-AP216,D8:84:66:E2:65:15,56,11,172.21.68.84,NBH-A10-SW-1NE-Gi4/0/5
1736Y-1512200000,NBH-L1NW-AP215,D8:84:66:E2:65:1A,132,11,172.21.69.97,NBH-A12-SW-1NW-Gi5/0/7
1736Y-1512500000,NBH-L1NW-AP217,D8:84:66:E2:65:29,116,1,172.21.71.243,NBH-A12-SW-1NW-Gi3/0/6
1736Y-1512700000,NBH-L1NE-AP218,D8:84:66:E2:65:33,140,6,172.21.71.245,NBH-A10-SW-1NE-Gi4/0/1
1736Y-1513800000,NBH-L1NW-AP219,D8:84:66:E2:65:6A,36,1,172.21.71.254,NBH-A12-SW-1NW-Gi1/0/8
1736Y-1514100000,NBH-L1NW-AP220,D8:84:66:E2:65:79,140,1,172.21.71.247,NBH-A12-SW-1NW-Gi4/0/7
1736Y-1514900000,NBH-L1NE-AP221,D8:84:66:E2:65:A1,36,1,172.21.68.82,NBH-A10-SW-1NE-Gi2/0/1
1736Y-1516100000,NBH-L1NE-AP222,D8:84:66:E2:65:DD,161,1,172.21.68.73,NBH-A10-SW-1NE-Gi1/0/6
1736Y-1516500000,NBH-L1NE-AP223,D8:84:66:E2:65:F1,40,6,172.21.68.60,NBH-A10-SW-1NE-Gi2/0/6
1736Y-1516600000,NBH-L1NW-AP682,D8:84:66:E2:65:F6,100,1,172.21.69.104,NBH-A12-SW-1NW-Gi2/0/7
